City_Name,D_Date,Temperature ,Precipitation ,Humidity,Wind_Speed,Daylight_hours
Austin,1/1/2022,46,2,89,-4,10
Austin,1/2/2022,63,2,89,33,10
Austin,1/3/2022,47,3,79,1,10
Austin,1/4/2022,49,3,68,-6,10
Austin,1/5/2022,41,2,51,37,10
Austin,1/6/2022,51,3,56,15,10
Austin,1/7/2022,52,0,48,25,10
Austin,1/8/2022,51,3,45,-17,10
Austin,1/9/2022,52,3,44,-22,10
Austin,1/10/2022,48,2,47,8,10
Austin,1/11/2022,52,0,58,-25,10
Austin,1/12/2022,49,0,55,6,10
Austin,1/13/2022,48,2,71,4,10
Austin,1/14/2022,47,1,81,6,10
Austin,1/15/2022,45,0,90,24,10
Austin,1/16/2022,49,0,92,19,10
Austin,1/17/2022,46,1,76,-24,10
Austin,1/18/2022,47,3,76,39,10
Austin,1/19/2022,53,0,62,38,10
Austin,1/20/2022,59,4,58,-6,10
Austin,1/21/2022,60,4,58,9,10
Austin,1/22/2022,58,0,57,10,10
Austin,1/23/2022,49,0,78,-5,10
Austin,1/24/2022,40,0,56,-24,10
Austin,1/25/2022,38,1,64,7,10
Austin,1/26/2022,43,0,43,8,10
Austin,1/27/2022,47,1,53,12,10
Austin,1/28/2022,45,0,51,24,10
Austin,1/29/2022,40,0,70,3,10
Austin,1/30/2022,49,0,76,24,10
Austin,1/31/2022,45,0,77,-25,10
Austin,2/1/2022,45,0,66,-20,10
Austin,2/2/2022,33,1,67,-27,10
Austin,2/3/2022,30,3,55,-11,10
Austin,2/4/2022,37,2,61,44,10
Austin,2/5/2022,46,0,45,22,10
Austin,2/6/2022,57,0,47,11,10
Austin,2/7/2022,49,3,51,10,10
Austin,2/8/2022,52,4,53,3,10
Austin,2/9/2022,54,1,60,28,10
Austin,2/10/2022,55,0,59,13,10
Austin,2/11/2022,52,3,72,26,10
Austin,2/12/2022,47,3,74,25,10
Austin,2/13/2022,46,2,65,6,10
Austin,2/14/2022,45,2,57,28,10
Austin,2/15/2022,42,3,66,-21,10
Austin,2/16/2022,48,0,62,-18,10
Austin,2/17/2022,44,4,71,13,10
Austin,2/18/2022,52,3,50,-5,10
Austin,2/19/2022,50,3,60,-12,10
Austin,2/20/2022,46,1,58,11,10
Austin,2/21/2022,42,3,63,-22,10
Austin,2/22/2022,40,3,63,37,10
Austin,2/23/2022,46,1,51,-16,10
Austin,2/24/2022,50,3,52,20,10
Austin,2/25/2022,50,3,47,20,10
Austin,2/26/2022,48,4,49,10,10
Austin,2/27/2022,46,0,61,-22,10
Austin,2/28/2022,47,1,64,-5,10
Austin,3/1/2022,56,0,76,-22,10
Austin,3/2/2022,59,0,75,-21,10
Austin,3/3/2022,69,4,70,30,10
Austin,3/4/2022,75,0,62,28,11
Austin,3/5/2022,79,0,64,-24,11
Austin,3/6/2022,78,2,64,-28,11
Austin,3/7/2022,71,2,70,24,11
Austin,3/8/2022,66,1,65,-2,11
Austin,3/9/2022,67,0,64,9,11
Austin,3/10/2022,65,2,56,31,11
Austin,3/11/2022,72,2,64,-15,11
Austin,3/12/2022,66,2,72,44,11
Austin,3/13/2022,72,4,77,-18,11
Austin,3/14/2022,67,0,58,23,11
Austin,3/15/2022,73,3,42,1,11
Austin,3/16/2022,71,3,37,45,11
Austin,3/17/2022,71,3,35,7,11
Austin,3/18/2022,69,4,35,6,11
Austin,3/19/2022,64,4,46,11,11
Austin,3/20/2022,68,1,68,-28,11
Austin,3/21/2022,72,0,77,-2,11
Austin,3/22/2022,72,1,69,-6,11
Austin,3/23/2022,67,2,68,36,11
Austin,3/24/2022,65,4,72,-9,11
Austin,3/25/2022,69,2,78,-16,11
Austin,3/26/2022,75,4,71,36,11
Austin,3/27/2022,76,1,60,15,11
Austin,3/28/2022,72,1,51,-13,11
Austin,3/29/2022,66,2,50,41,11
Austin,3/30/2022,59,4,51,13,11
Austin,3/31/2022,66,2,59,16,11
Austin,4/1/2022,69,0,50,2,11
Austin,4/2/2022,72,4,57,-29,11
Austin,4/3/2022,68,3,61,1,11
Austin,4/4/2022,62,0,76,29,11
Austin,4/5/2022,67,3,69,6,11
Austin,4/6/2022,70,3,51,44,11
Austin,4/7/2022,79,0,38,-11,11
Austin,4/8/2022,76,1,41,19,11
Austin,4/9/2022,70,0,60,18,11
Austin,4/10/2022,68,1,52,23,11
Austin,4/11/2022,71,2,57,8,11
Austin,4/12/2022,75,3,49,12,11
Austin,4/13/2022,70,4,62,1,11
Austin,4/14/2022,71,3,54,45,11
Austin,4/15/2022,70,2,59,1,11
Austin,4/16/2022,75,1,49,37,11
Austin,4/17/2022,75,2,51,42,12
Austin,4/18/2022,78,4,47,-13,12
Austin,4/19/2022,80,1,47,-14,12
Austin,4/20/2022,77,2,62,-26,12
Austin,4/21/2022,73,4,61,22,12
Austin,4/22/2022,73,3,70,0,12
Austin,4/23/2022,73,0,52,42,12
Austin,4/24/2022,75,2,45,13,12
Austin,4/25/2022,70,4,44,10,12
Austin,4/26/2022,69,2,40,23,12
Austin,4/27/2022,74,2,46,-6,12
Austin,4/28/2022,75,3,37,-12,12
Austin,4/29/2022,73,1,52,37,12
Austin,4/30/2022,67,1,59,29,12
Austin,5/1/2022,73,2,56,17,12
Austin,5/2/2022,78,1,53,3,12
Austin,5/3/2022,83,0,54,-16,12
Austin,5/4/2022,84,1,77,-26,12
Austin,5/5/2022,87,4,66,44,12
Austin,5/6/2022,88,0,65,39,12
Austin,5/7/2022,85,1,54,36,12
Austin,5/8/2022,89,1,72,-5,12
Austin,5/9/2022,92,1,72,36,12
Austin,5/10/2022,99,0,65,28,12
Austin,5/11/2022,93,4,61,33,12
Austin,5/12/2022,88,4,55,38,12
Austin,5/13/2022,93,1,68,44,12
Austin,5/14/2022,99,0,77,-2,12
Austin,5/15/2022,112,0,71,-23,12
Austin,5/16/2022,108,4,72,2,12
Austin,5/17/2022,101,2,63,24,12
Austin,5/18/2022,89,2,78,17,12
Austin,5/19/2022,88,1,72,-8,12
Austin,5/20/2022,91,4,60,-12,12
Austin,5/21/2022,100,1,48,30,12
Austin,5/22/2022,95,1,51,30,12
Austin,5/23/2022,99,1,57,13,12
Austin,5/24/2022,95,0,57,-25,12
Austin,5/25/2022,99,2,60,-14,12
Austin,5/26/2022,99,0,70,-26,12
Austin,5/27/2022,96,0,82,22,12
Austin,5/28/2022,88,0,80,-28,12
Austin,5/29/2022,82,0,63,9,12
Austin,5/30/2022,87,0,59,-26,12
Austin,5/31/2022,88,0,42,15,12
Austin,6/1/2022,93,0,59,-8,12
Austin,6/2/2022,99,0,59,5,13
Austin,6/3/2022,105,0,69,19,13
Austin,6/4/2022,107,0,63,-16,13
Austin,6/5/2022,96,0,69,21,13
Austin,6/6/2022,97,0,66,-7,13
Austin,6/7/2022,88,0,70,39,13
Austin,6/8/2022,92,0,64,-13,13
Austin,6/9/2022,91,0,59,20,13
Austin,6/10/2022,98,0,54,45,13
Austin,6/11/2022,94,0,49,44,13
Austin,6/12/2022,95,0,56,16,13
Austin,6/13/2022,87,0,55,1,13
Austin,6/14/2022,88,0,56,-1,13
Austin,6/15/2022,83,0,56,28,13
Austin,6/16/2022,90,0,47,-24,13
Austin,6/17/2022,87,0,50,-3,13
Austin,6/18/2022,86,0,41,29,13
Austin,6/19/2022,79,0,48,44,13
Austin,6/20/2022,86,0,54,-17,13
Austin,6/21/2022,90,0,63,32,13
Austin,6/22/2022,100,0,70,-7,13
Austin,6/23/2022,103,0,68,28,13
Austin,6/24/2022,109,0,61,-29,13
Austin,6/25/2022,102,0,51,-13,13
Austin,6/26/2022,100,0,43,39,13
Austin,6/27/2022,90,0,44,5,13
Austin,6/28/2022,94,0,45,-29,13
Austin,6/29/2022,98,0,43,-27,13
Austin,6/30/2022,107,0,50,16,13
Austin,7/1/2022,105,0,57,20,13
Austin,7/2/2022,100,0,59,36,13
Austin,7/3/2022,95,0,51,3,13
Austin,7/4/2022,100,0,47,1,13
Austin,7/5/2022,100,0,57,29,13
Austin,7/6/2022,107,0,74,37,13
Austin,7/7/2022,100,0,72,41,13
Austin,7/8/2022,105,0,75,2,13
Austin,7/9/2022,103,0,67,-25,13
Austin,7/10/2022,100,0,76,3,13
Austin,7/11/2022,96,0,64,9,13
Austin,7/12/2022,86,0,61,-7,13
Austin,7/13/2022,87,0,53,35,13
Austin,7/14/2022,91,0,49,32,13
Austin,7/15/2022,99,0,43,13,13
Austin,7/16/2022,102,0,37,2,13
Austin,7/17/2022,91,0,48,2,13
Austin,7/18/2022,87,0,57,-18,13
Austin,7/19/2022,84,0,77,28,13
Austin,7/20/2022,94,0,78,-29,13
Austin,7/21/2022,88,0,81,6,13
Austin,7/22/2022,94,0,79,-11,13
Austin,7/23/2022,96,0,66,9,13
Austin,7/24/2022,102,0,68,45,13
Austin,7/25/2022,103,0,59,7,13
Austin,7/26/2022,101,0,74,39,13
Austin,7/27/2022,106,0,76,27,13
Austin,7/28/2022,103,0,74,8,13
Austin,7/29/2022,99,0,64,40,13
Austin,7/30/2022,95,0,45,11,13
Austin,7/31/2022,90,0,58,18,13
Austin,8/1/2022,89,0,60,18,13
Austin,8/2/2022,89,0,79,21,13
Austin,8/3/2022,95,0,62,-20,13
Austin,8/4/2022,98,0,66,4,13
Austin,8/5/2022,114,0,44,-26,13
Austin,8/6/2022,114,0,49,11,13
Austin,8/7/2022,117,0,41,44,13
Austin,8/8/2022,91,0,51,-18,13
Austin,8/9/2022,96,0,58,17,13
Austin,8/10/2022,92,0,51,35,13
Austin,8/11/2022,90,0,63,-14,13
Austin,8/12/2022,82,0,49,38,13
Austin,8/13/2022,85,0,53,34,13
Austin,8/14/2022,87,0,44,23,13
Austin,8/15/2022,86,0,50,-23,13
Austin,8/16/2022,92,0,60,11,13
Austin,8/17/2022,88,0,49,-5,13
Austin,8/18/2022,95,0,54,35,13
Austin,8/19/2022,97,0,54,-2,13
Austin,8/20/2022,109,0,67,10,13
Austin,8/21/2022,102,0,67,23,12
Austin,8/22/2022,112,0,75,29,12
Austin,8/23/2022,118,0,70,0,12
Austin,8/24/2022,116,0,79,-14,12
Austin,8/25/2022,93,0,71,31,12
Austin,8/26/2022,85,0,74,-13,12
Austin,8/27/2022,80,0,65,-9,12
Austin,8/28/2022,81,0,74,3,12
Austin,8/29/2022,81,0,79,-24,12
Austin,8/30/2022,83,0,69,-16,12
Austin,8/31/2022,84,0,55,-3,12
Austin,9/1/2022,90,0,45,3,12
Austin,9/2/2022,94,0,45,-10,12
Austin,9/3/2022,99,0,42,-14,12
Austin,9/4/2022,92,0,37,45,12
Austin,9/5/2022,97,0,53,9,12
Austin,9/6/2022,93,0,49,-6,12
Austin,9/7/2022,100,3,61,13,12
Austin,9/8/2022,88,2,47,13,12
Austin,9/9/2022,84,2,51,4,12
Austin,9/10/2022,88,0,49,5,12
Austin,9/11/2022,93,4,45,-19,12
Austin,9/12/2022,101,2,47,6,12
Austin,9/13/2022,101,2,36,-5,12
Austin,9/14/2022,105,0,55,0,12
Austin,9/15/2022,102,3,63,16,12
Austin,9/16/2022,101,4,61,12,12
Austin,9/17/2022,100,1,48,44,12
Austin,9/18/2022,105,1,45,37,12
Austin,9/19/2022,94,4,49,23,12
Austin,9/20/2022,90,3,54,22,12
Austin,9/21/2022,90,0,42,-26,12
Austin,9/22/2022,91,1,46,-10,12
Austin,9/23/2022,93,1,47,-30,12
Austin,9/24/2022,91,1,58,22,12
Austin,9/25/2022,100,2,60,-9,12
Austin,9/26/2022,102,0,58,-10,12
Austin,9/27/2022,97,3,69,-17,11
Austin,9/28/2022,87,1,65,-8,11
Austin,9/29/2022,81,2,71,-25,11
Austin,9/30/2022,89,1,67,5,11
Austin,10/1/2022,97,3,66,25,11
Austin,10/2/2022,101,1,72,9,11
Austin,10/3/2022,94,1,57,39,11
Austin,10/4/2022,98,0,61,24,11
Austin,10/5/2022,96,3,44,-2,11
Austin,10/6/2022,104,3,53,21,11
Austin,10/7/2022,99,2,64,3,11
Austin,10/8/2022,96,0,72,21,11
Austin,10/9/2022,91,3,65,22,11
Austin,10/10/2022,88,0,61,5,11
Austin,10/11/2022,91,1,68,38,11
Austin,10/12/2022,88,2,72,-27,11
Austin,10/13/2022,87,3,68,3,11
Austin,10/14/2022,86,1,64,6,11
Austin,10/15/2022,85,4,62,44,11
Austin,10/16/2022,84,2,66,29,11
Austin,10/17/2022,83,0,61,-23,11
Austin,10/18/2022,82,1,58,-25,11
Austin,10/19/2022,81,2,48,34,11
Austin,10/20/2022,80,2,39,18,11
Austin,10/21/2022,79,3,35,31,11
Austin,10/22/2022,78,0,38,-22,11
Austin,10/23/2022,77,1,56,33,11
Austin,10/24/2022,76,3,69,-5,11
Austin,10/25/2022,75,3,64,-19,11
Austin,10/26/2022,74,1,66,-24,11
Austin,10/27/2022,73,2,59,-4,11
Austin,10/28/2022,72,1,67,-14,11
Austin,10/29/2022,71,3,45,-27,10
Austin,10/30/2022,70,3,60,19,10
Austin,10/31/2022,69,1,65,7,10
Austin,11/1/2022,68,1,83,-7,10
Austin,11/2/2022,67,2,82,15,10
Austin,11/3/2022,66,4,71,-16,10
Austin,11/4/2022,65,1,65,-16,10
Austin,11/5/2022,64,2,57,36,10
Austin,11/6/2022,63,2,58,26,10
Austin,11/7/2022,62,4,62,-16,10
Austin,11/8/2022,61,4,64,-23,10
Austin,11/9/2022,60,0,61,-16,10
Austin,11/10/2022,59,4,56,-2,10
Austin,11/11/2022,58,4,58,11,10
Austin,11/12/2022,57,2,78,32,10
Austin,11/13/2022,56,3,76,-30,10
Austin,11/14/2022,55,0,60,21,10
Austin,11/15/2022,54,3,49,-1,10
Austin,11/16/2022,53,1,63,22,10
Austin,11/17/2022,52,3,81,25,10
Austin,11/18/2022,51,2,74,28,10
Austin,11/19/2022,50,2,64,34,10
Austin,11/20/2022,49,4,53,19,10
Austin,11/21/2022,48,2,68,-10,10
Austin,11/22/2022,47,1,65,-3,10
Austin,11/23/2022,46,4,73,4,10
Austin,11/24/2022,45,3,74,-26,10
Austin,11/25/2022,44,4,76,21,10
Austin,11/26/2022,43,3,80,28,10
Austin,11/27/2022,42,4,69,20,10
Austin,11/28/2022,41,0,63,-28,10
Austin,11/29/2022,40,0,51,30,10
Austin,11/30/2022,39,1,47,-28,10
Austin,2/1/2022,38,2,55,-30,10
Austin,12/2/2022,38,1,58,2,10
Austin,12/3/2022,37,0,72,11,10
Austin,12/4/2022,36,3,69,35,10
Austin,12/5/2022,35,1,73,-21,10
Austin,12/6/2022,34,3,73,35,10
Austin,12/7/2022,33,3,74,30,10
Austin,12/8/2022,32,4,72,11,10
Austin,12/9/2022,31,2,59,30,10
Austin,12/10/2022,30,2,56,14,10
Austin,12/11/2022,29,0,56,9,10
Austin,12/12/2022,28,4,61,-2,10
Austin,12/13/2022,27,4,74,16,10
Austin,12/14/2022,26,0,83,0,10
Austin,12/15/2022,25,0,78,-23,10
Austin,12/16/2022,24,4,68,7,10
Austin,12/17/2022,33,1,49,45,10
Austin,12/18/2022,22,2,62,0,10
Austin,12/19/2022,21,1,53,-13,10
Austin,12/20/2022,20,0,58,6,10
Austin,12/21/2022,22,3,41,-28,10
Austin,12/22/2022,25,1,44,-28,10
Austin,12/23/2022,17,2,39,-14,10
Austin,12/24/2022,22,0,45,-19,10
Austin,12/25/2022,15,1,48,36,10
Austin,12/26/2022,20,0,52,-5,10
Austin,12/27/2022,22,0,43,42,10
Austin,12/28/2022,33,3,49,43,10
Austin,12/29/2022,31,3,59,15,10
Austin,12/30/2022,30,3,60,33,10
Austin,12/31/2022,28,2,56,-7,10
Dallas,1/1/2022,25,0,44,22,10
Dallas,1/2/2022,48,4,53,-25,10
Dallas,1/3/2022,68,1,61,27,10
Dallas,1/4/2022,69,0,70,34,10
Dallas,1/5/2022,63,0,73,-12,10
Dallas,1/6/2022,64,0,79,14,10
Dallas,1/7/2022,66,1,86,-2,10
Dallas,1/8/2022,66,1,88,3,10
Dallas,1/9/2022,66,0,75,-24,10
Dallas,1/10/2022,71,2,59,24,10
Dallas,1/11/2022,78,2,49,10,10
Dallas,1/12/2022,78,0,55,-27,10
Dallas,1/13/2022,70,4,60,6,10
Dallas,1/14/2022,63,0,52,17,10
Dallas,1/15/2022,63,2,58,-13,10
Dallas,1/16/2022,69,2,56,39,10
Dallas,1/17/2022,75,1,73,-22,10
Dallas,1/18/2022,76,0,59,-17,10
Dallas,1/19/2022,71,2,57,39,10
Dallas,1/20/2022,65,3,45,33,10
Dallas,1/21/2022,60,1,51,31,10
Dallas,1/22/2022,58,1,52,26,10
Dallas,1/23/2022,55,1,63,30,10
Dallas,1/24/2022,53,3,57,-7,10
Dallas,1/25/2022,49,2,62,-4,10
Dallas,1/26/2022,49,0,52,15,10
Dallas,1/27/2022,51,4,62,18,10
Dallas,1/28/2022,53,0,55,25,10
Dallas,1/29/2022,49,1,48,41,10
Dallas,1/30/2022,49,0,28,21,10
Dallas,1/31/2022,51,2,48,-25,10
Dallas,2/1/2022,54,5,50,-28,10
Dallas,2/2/2022,52,3,71,-24,10
Dallas,2/3/2022,49,2,65,-8,10
Dallas,2/4/2022,49,0,65,34,10
Dallas,2/5/2022,54,5,62,-30,10
Dallas,2/6/2022,62,3,48,0,10
Dallas,2/7/2022,69,5,50,43,10
Dallas,2/8/2022,76,3,47,-16,10
Dallas,2/9/2022,82,1,62,12,10
Dallas,2/10/2022,88,0,66,-13,10
Dallas,2/11/2022,91,1,64,-26,10
Dallas,2/12/2022,91,3,47,28,10
Dallas,2/13/2022,86,2,57,-17,10
Dallas,2/14/2022,78,0,62,41,10
Dallas,2/15/2022,70,5,77,36,10
Dallas,2/16/2022,62,3,63,2,10
Dallas,2/17/2022,55,2,59,-10,10
Dallas,2/18/2022,49,4,53,-26,10
Dallas,2/19/2022,49,2,58,29,10
Dallas,2/20/2022,54,4,65,25,10
Dallas,2/21/2022,62,5,60,14,10
Dallas,2/22/2022,69,2,54,30,10
Dallas,2/23/2022,76,1,44,19,10
Dallas,2/24/2022,82,4,46,10,10
Dallas,2/25/2022,88,4,59,6,10
Dallas,2/26/2022,91,0,60,-23,10
Dallas,2/27/2022,91,0,59,33,10
Dallas,2/28/2022,86,3,50,-18,10
Dallas,3/1/2022,79,4,51,29,10
Dallas,3/2/2022,73,5,62,-1,10
Dallas,3/3/2022,68,0,79,-26,10
Dallas,3/4/2022,63,2,77,-9,11
Dallas,3/5/2022,58,5,76,7,11
Dallas,3/6/2022,57,1,72,11,11
Dallas,3/7/2022,59,1,71,0,11
Dallas,3/8/2022,65,5,64,19,11
Dallas,3/9/2022,70,3,52,-5,11
Dallas,3/10/2022,76,3,54,-4,11
Dallas,3/11/2022,82,4,49,27,11
Dallas,3/12/2022,87,0,50,23,11
Dallas,3/13/2022,91,0,47,-2,11
Dallas,3/14/2022,91,1,44,-16,11
Dallas,3/15/2022,86,2,52,-17,11
Dallas,3/16/2022,78,3,54,31,11
Dallas,3/17/2022,70,5,65,0,11
Dallas,3/18/2022,62,5,61,-4,11
Dallas,3/19/2022,59,4,56,37,11
Dallas,3/20/2022,60,5,45,10,11
Dallas,3/21/2022,65,3,48,-6,11
Dallas,3/22/2022,70,3,57,-25,11
Dallas,3/23/2022,76,2,72,-29,11
Dallas,3/24/2022,82,0,76,25,11
Dallas,3/25/2022,87,0,74,-11,11
Dallas,3/26/2022,91,0,64,14,11
Dallas,3/27/2022,91,0,56,17,11
Dallas,3/28/2022,86,2,63,-29,11
Dallas,3/29/2022,79,4,72,20,11
Dallas,3/30/2022,73,1,63,-2,11
Dallas,3/31/2022,68,2,48,4,11
Dallas,4/1/2022,63,5,55,44,11
Dallas,4/2/2022,58,0,68,25,11
Dallas,4/3/2022,57,2,63,39,11
Dallas,4/4/2022,59,1,65,9,11
Dallas,4/5/2022,65,3,56,1,11
Dallas,4/6/2022,70,5,73,1,11
Dallas,4/7/2022,76,1,59,44,11
Dallas,4/8/2022,82,3,66,41,11
Dallas,4/9/2022,87,2,52,10,11
Dallas,4/10/2022,91,2,54,30,11
Dallas,4/11/2022,91,2,64,-10,11
Dallas,4/12/2022,86,1,81,22,11
Dallas,4/13/2022,79,2,72,11,11
Dallas,4/14/2022,73,3,72,26,11
Dallas,4/15/2022,68,1,61,-21,11
Dallas,4/16/2022,63,5,64,12,11
Dallas,4/17/2022,58,2,55,20,12
Dallas,4/18/2022,57,5,67,-22,12
Dallas,4/19/2022,59,5,85,21,12
Dallas,4/20/2022,65,1,79,-4,12
Dallas,4/21/2022,70,3,60,7,12
Dallas,4/22/2022,76,5,50,-3,12
Dallas,4/23/2022,82,1,65,11,12
Dallas,4/24/2022,87,0,65,25,12
Dallas,4/25/2022,91,2,72,2,12
Dallas,4/26/2022,91,3,64,-4,12
Dallas,4/27/2022,86,1,68,-7,12
Dallas,4/28/2022,79,1,53,-25,12
Dallas,4/29/2022,73,3,46,37,12
Dallas,4/30/2022,68,0,38,-22,12
Dallas,5/1/2022,63,5,34,36,12
Dallas,5/2/2022,58,1,35,5,12
Dallas,5/3/2022,57,2,51,-6,12
Dallas,5/4/2022,59,3,59,-4,12
Dallas,5/5/2022,65,2,57,-6,12
Dallas,5/6/2022,70,3,63,12,12
Dallas,5/7/2022,76,1,70,9,12
Dallas,5/8/2022,82,2,82,-22,12
Dallas,5/9/2022,87,0,79,-3,12
Dallas,5/10/2022,91,3,74,41,12
Dallas,5/11/2022,91,2,71,10,12
Dallas,5/12/2022,90,1,65,-11,12
Dallas,5/13/2022,85,5,69,-23,12
Dallas,5/14/2022,92,3,64,-25,12
Dallas,5/15/2022,90,3,60,-27,12
Dallas,5/16/2022,102,5,66,-7,12
Dallas,5/17/2022,95,4,71,24,12
Dallas,5/18/2022,99,1,72,-6,12
Dallas,5/19/2022,99,1,52,2,12
Dallas,5/20/2022,97,5,39,45,12
Dallas,5/21/2022,94,3,38,20,12
Dallas,5/22/2022,94,0,44,-1,12
Dallas,5/23/2022,99,0,47,27,12
Dallas,5/24/2022,99,4,43,7,12
Dallas,5/25/2022,97,3,38,22,12
Dallas,5/26/2022,95,4,39,34,12
Dallas,5/27/2022,101,4,54,-21,12
Dallas,5/28/2022,98,4,75,-5,12
Dallas,5/29/2022,105,0,72,21,12
Dallas,5/30/2022,99,0,64,35,12
Dallas,5/31/2022,104,3,51,0,12
Dallas,6/1/2022,99,1,70,-5,12
Dallas,6/2/2022,98,0,68,-10,13
Dallas,6/3/2022,98,0,65,16,13
Dallas,6/4/2022,92,3,58,-13,13
Dallas,6/5/2022,102,3,53,7,13
Dallas,6/6/2022,90,5,66,-26,13
Dallas,6/7/2022,97,1,58,30,13
Dallas,6/8/2022,86,2,61,14,13
Dallas,6/9/2022,96,1,50,32,13
Dallas,6/10/2022,100,3,49,8,13
Dallas,6/11/2022,108,2,53,-2,13
Dallas,6/12/2022,105,4,54,-7,13
Dallas,6/13/2022,94,1,58,43,13
Dallas,6/14/2022,95,5,46,-11,13
Dallas,6/15/2022,101,4,48,26,13
Dallas,6/16/2022,109,1,50,-20,13
Dallas,6/17/2022,110,5,62,-5,13
Dallas,6/18/2022,108,2,60,-26,13
Dallas,6/19/2022,108,3,54,-5,13
Dallas,6/20/2022,105,3,51,7,13
Dallas,6/21/2022,104,4,65,-23,13
Dallas,6/22/2022,102,2,67,38,13
Dallas,6/23/2022,102,2,63,-5,13
Dallas,6/24/2022,101,5,55,22,13
Dallas,6/25/2022,101,5,47,-25,13
Dallas,6/26/2022,100,5,63,17,13
Dallas,6/27/2022,94,2,57,-19,13
Dallas,6/28/2022,91,1,70,-30,13
Dallas,6/29/2022,95,5,55,33,13
Dallas,6/30/2022,99,0,55,38,13
Dallas,7/1/2022,102,5,47,-19,13
Dallas,7/2/2022,102,2,47,39,13
Dallas,7/3/2022,98,2,45,-11,13
Dallas,7/4/2022,101,5,47,27,13
Dallas,7/5/2022,91,3,56,-26,13
Dallas,7/6/2022,93,1,65,-9,13
Dallas,7/7/2022,96,4,62,32,13
Dallas,7/8/2022,99,1,54,32,13
Dallas,7/9/2022,98,1,44,8,13
Dallas,7/10/2022,87,1,49,-26,13
Dallas,7/11/2022,92,4,63,26,13
Dallas,7/12/2022,90,0,59,31,13
Dallas,7/13/2022,96,1,60,-17,13
Dallas,7/14/2022,88,1,58,40,13
Dallas,7/15/2022,93,4,67,45,13
Dallas,7/16/2022,99,5,69,1,13
Dallas,7/17/2022,108,5,59,-18,13
Dallas,7/18/2022,107,0,58,-7,13
Dallas,7/19/2022,98,2,60,45,13
Dallas,7/20/2022,86,4,53,35,13
Dallas,7/21/2022,92,3,60,-2,13
Dallas,7/22/2022,88,5,61,-28,13
Dallas,7/23/2022,95,0,75,0,13
Dallas,7/24/2022,89,3,61,-30,13
Dallas,7/25/2022,95,3,53,12,13
Dallas,7/26/2022,98,0,50,39,13
Dallas,7/27/2022,97,5,51,27,13
Dallas,7/28/2022,92,3,65,-12,13
Dallas,7/29/2022,92,2,74,-28,13
Dallas,7/30/2022,96,1,69,-16,13
Dallas,7/31/2022,104,0,52,40,13
Dallas,8/1/2022,108,4,40,25,13
Dallas,8/2/2022,112,2,58,36,13
Dallas,8/3/2022,113,4,77,43,13
Dallas,8/4/2022,102,5,80,38,13
Dallas,8/5/2022,99,1,78,-13,13
Dallas,8/6/2022,96,2,74,-13,13
Dallas,8/7/2022,95,4,74,-9,13
Dallas,8/8/2022,86,5,74,11,13
Dallas,8/9/2022,83,0,61,-6,13
Dallas,8/10/2022,86,3,51,-12,13
Dallas,8/11/2022,88,1,48,-27,13
Dallas,8/12/2022,84,0,52,15,13
Dallas,8/13/2022,85,5,52,-21,13
Dallas,8/14/2022,93,2,52,-24,13
Dallas,8/15/2022,93,4,52,30,13
Dallas,8/16/2022,92,5,58,37,13
Dallas,8/17/2022,93,0,48,-11,13
Dallas,8/18/2022,96,4,60,-21,13
Dallas,8/19/2022,96,2,71,45,13
Dallas,8/20/2022,98,2,71,44,13
Dallas,8/21/2022,102,4,48,-30,12
Dallas,8/22/2022,105,1,36,28,12
Dallas,8/23/2022,96,5,45,12,12
Dallas,8/24/2022,98,4,49,10,12
Dallas,8/25/2022,100,4,62,-1,12
Dallas,8/26/2022,103,2,59,35,12
Dallas,8/27/2022,92,0,77,43,12
Dallas,8/28/2022,91,3,71,8,12
Dallas,8/29/2022,96,4,78,31,12
Dallas,8/30/2022,104,4,64,-25,12
Dallas,8/31/2022,98,1,67,39,12
Dallas,9/1/2022,93,4,57,-25,12
Dallas,9/2/2022,96,3,58,37,12
Dallas,9/3/2022,103,1,54,37,12
Dallas,9/4/2022,97,0,49,40,12
Dallas,9/5/2022,90,4,56,-8,12
Dallas,9/6/2022,87,0,49,-2,12
Dallas,9/7/2022,94,4,57,-10,12
Dallas,9/8/2022,99,4,42,31,12
Dallas,9/9/2022,100,1,57,14,12
Dallas,9/10/2022,97,3,54,4,12
Dallas,9/11/2022,99,2,61,24,12
Dallas,9/12/2022,95,0,49,-15,12
Dallas,9/13/2022,103,4,55,-1,12
Dallas,9/14/2022,92,4,57,-4,12
Dallas,9/15/2022,98,5,65,-6,12
Dallas,9/16/2022,95,0,57,29,12
Dallas,9/17/2022,106,4,46,17,12
Dallas,9/18/2022,99,2,43,10,12
Dallas,9/19/2022,97,4,46,-1,12
Dallas,9/20/2022,94,1,66,36,12
Dallas,9/21/2022,100,1,75,30,12
Dallas,9/22/2022,95,1,85,-10,12
Dallas,9/23/2022,99,2,79,41,12
Dallas,9/24/2022,100,3,63,-15,12
Dallas,9/25/2022,108,4,60,16,12
Dallas,9/26/2022,105,4,51,8,12
Dallas,9/27/2022,98,0,54,21,11
Dallas,9/28/2022,90,0,46,1,11
Dallas,9/29/2022,84,2,47,-2,11
Dallas,9/30/2022,91,2,56,16,11
Dallas,10/1/2022,95,3,57,-7,11
Dallas,10/2/2022,94,3,55,-16,11
Dallas,10/3/2022,96,1,40,-25,11
Dallas,10/4/2022,97,0,51,7,11
Dallas,10/5/2022,100,2,50,-22,11
Dallas,10/6/2022,96,0,45,40,11
Dallas,10/7/2022,91,0,50,27,11
Dallas,10/8/2022,86,4,53,16,11
Dallas,10/9/2022,79,2,54,3,11
Dallas,10/10/2022,73,0,37,-22,11
Dallas,10/11/2022,68,4,50,-30,11
Dallas,10/12/2022,63,5,71,31,11
Dallas,10/13/2022,58,4,82,3,11
Dallas,10/14/2022,60,5,77,23,11
Dallas,10/15/2022,66,5,69,20,11
Dallas,10/16/2022,76,3,77,22,11
Dallas,10/17/2022,82,0,74,22,11
Dallas,10/18/2022,87,1,80,9,11
Dallas,10/19/2022,91,5,80,18,11
Dallas,10/20/2022,91,0,84,8,11
Dallas,10/21/2022,86,3,80,-30,11
Dallas,10/22/2022,79,3,81,34,11
Dallas,10/23/2022,73,3,80,36,11
Dallas,10/24/2022,68,3,84,-28,11
Dallas,10/25/2022,63,4,77,-13,11
Dallas,10/26/2022,60,1,80,10,11
Dallas,10/27/2022,56,2,60,16,11
Dallas,10/28/2022,55,0,51,-16,11
Dallas,10/29/2022,55,3,36,21,10
Dallas,10/30/2022,58,5,53,0,10
Dallas,10/31/2022,63,5,59,17,10
Dallas,11/1/2022,66,0,56,-29,10
Dallas,11/2/2022,70,4,47,-7,10
Dallas,11/3/2022,73,4,57,7,10
Dallas,11/4/2022,76,0,63,-16,10
Dallas,11/5/2022,75,4,60,-16,10
Dallas,11/6/2022,72,4,48,5,10
Dallas,11/7/2022,67,1,56,14,10
Dallas,11/8/2022,63,0,56,33,10
Dallas,11/9/2022,58,2,60,6,10
Dallas,11/10/2022,55,2,51,-11,10
Dallas,11/11/2022,55,3,66,-10,10
Dallas,11/12/2022,58,4,73,13,10
Dallas,11/13/2022,63,4,76,34,10
Dallas,11/14/2022,68,1,73,-15,10
Dallas,11/15/2022,73,0,68,-7,10
Dallas,11/16/2022,76,2,63,34,10
Dallas,11/17/2022,75,0,51,43,10
Dallas,11/18/2022,72,5,42,21,10
Dallas,11/19/2022,67,2,53,11,10
Dallas,11/20/2022,63,0,64,12,10
Dallas,11/21/2022,58,4,64,40,10
Dallas,11/22/2022,55,5,59,-20,10
Dallas,11/23/2022,55,3,44,21,10
Dallas,11/24/2022,58,3,40,25,10
Dallas,11/25/2022,63,3,38,-18,10
Dallas,11/26/2022,66,4,57,-17,10
Dallas,11/27/2022,70,4,62,4,10
Dallas,11/28/2022,73,5,71,-26,10
Dallas,11/29/2022,76,1,50,-17,10
Dallas,11/30/2022,75,2,61,23,10
Dallas,12/1/2022,73,2,54,4,10
Dallas,12/2/2022,70,2,60,18,10
Dallas,12/3/2022,67,2,43,21,10
Dallas,12/4/2022,63,4,49,-13,10
Dallas,12/5/2022,58,4,65,-23,10
Dallas,12/6/2022,55,4,73,17,10
Dallas,12/7/2022,55,5,71,12,10
Dallas,12/8/2022,58,2,65,-26,10
Dallas,12/9/2022,63,5,75,1,10
Dallas,12/10/2022,68,0,68,-27,10
Dallas,12/11/2022,73,4,52,-14,10
Dallas,12/12/2022,76,2,42,40,10
Dallas,12/13/2022,75,5,42,12,10
Dallas,12/14/2022,72,4,43,22,10
Dallas,12/15/2022,67,1,36,5,10
Dallas,12/16/2022,63,3,43,-27,10
Dallas,12/17/2022,58,1,42,-14,10
Dallas,12/18/2022,55,2,43,3,10
Dallas,12/19/2022,55,4,33,35,10
Dallas,12/20/2022,58,2,47,-6,10
Dallas,12/21/2022,63,4,48,44,10
Dallas,12/22/2022,68,3,58,-6,10
Dallas,12/23/2022,73,4,58,-3,10
Dallas,12/24/2022,76,3,54,25,10
Dallas,12/25/2022,75,1,59,45,10
Dallas,12/26/2022,72,4,49,1,10
Dallas,12/27/2022,67,3,48,-15,10
Dallas,12/28/2022,63,4,35,12,10
Dallas,12/29/2022,58,0,45,45,10
Dallas,12/30/2022,55,1,52,0,10
Dallas,12/31/2022,53,3,49,1,10
El Paso,1/1/2022,55,5,49,37,10
El Paso,1/2/2022,56,5,62,-2,10
El Paso,1/3/2022,57,3,71,-5,10
El Paso,1/4/2022,57,1,63,-13,10
El Paso,1/5/2022,60,1,43,39,10
El Paso,1/6/2022,65,1,37,13,10
El Paso,1/7/2022,66,2,39,24,10
El Paso,1/8/2022,67,0,39,31,10
El Paso,1/9/2022,66,5,50,19,10
El Paso,1/10/2022,69,2,46,-13,10
El Paso,1/11/2022,68,5,54,32,10
El Paso,1/12/2022,63,3,54,-5,10
El Paso,1/13/2022,60,0,58,-8,10
El Paso,1/14/2022,61,5,67,3,10
El Paso,1/15/2022,65,5,63,-25,10
El Paso,1/16/2022,68,1,54,22,10
El Paso,1/17/2022,67,0,50,23,10
El Paso,1/18/2022,63,4,44,19,10
El Paso,1/19/2022,58,4,44,28,10
El Paso,1/20/2022,56,5,53,34,10
El Paso,1/21/2022,56,5,70,-12,10
El Paso,1/22/2022,60,3,88,-22,10
El Paso,1/23/2022,65,1,79,37,10
El Paso,1/24/2022,68,0,77,-28,10
El Paso,1/25/2022,67,5,78,10,10
El Paso,1/26/2022,63,0,88,11,10
El Paso,1/27/2022,58,4,76,-4,10
El Paso,1/28/2022,56,3,77,-24,10
El Paso,1/29/2022,56,5,58,-17,10
El Paso,1/30/2022,60,2,68,-29,10
El Paso,1/31/2022,64,5,62,25,10
El Paso,2/1/2022,67,3,72,-21,10
El Paso,2/2/2022,66,1,62,-26,10
El Paso,2/3/2022,63,0,50,-23,10
El Paso,2/4/2022,58,3,42,31,10
El Paso,2/5/2022,56,0,53,34,10
El Paso,2/6/2022,56,5,52,-29,10
El Paso,2/7/2022,60,0,61,18,10
El Paso,2/8/2022,65,4,65,16,10
El Paso,2/9/2022,68,2,65,-20,10
El Paso,2/10/2022,67,3,52,33,10
El Paso,2/11/2022,63,0,31,35,10
El Paso,2/12/2022,58,5,51,26,10
El Paso,2/13/2022,56,3,53,-16,10
El Paso,2/14/2022,56,1,70,-30,10
El Paso,2/15/2022,60,5,54,34,10
El Paso,2/16/2022,65,1,63,18,10
El Paso,2/17/2022,68,3,65,-10,10
El Paso,2/18/2022,67,4,58,5,10
El Paso,2/19/2022,63,1,64,11,10
El Paso,2/20/2022,58,1,65,-17,10
El Paso,2/21/2022,56,1,67,28,10
El Paso,2/22/2022,56,1,52,13,10
El Paso,2/23/2022,60,0,36,-13,10
El Paso,2/24/2022,65,0,44,28,10
El Paso,2/25/2022,68,2,60,34,10
El Paso,2/26/2022,67,1,69,5,10
El Paso,2/27/2022,63,3,61,-9,10
El Paso,2/28/2022,58,5,62,11,10
El Paso,3/1/2022,56,2,69,39,10
El Paso,3/2/2022,56,5,72,18,10
El Paso,3/3/2022,60,1,52,-4,10
El Paso,3/4/2022,65,3,37,36,11
El Paso,3/5/2022,68,4,47,32,11
El Paso,3/6/2022,67,0,59,7,11
El Paso,3/7/2022,63,2,60,-15,11
El Paso,3/8/2022,58,3,47,13,11
El Paso,3/9/2022,56,4,54,11,11
El Paso,3/10/2022,56,0,64,-7,11
El Paso,3/11/2022,60,5,83,39,11
El Paso,3/12/2022,65,5,81,22,11
El Paso,3/13/2022,68,5,67,17,11
El Paso,3/14/2022,67,1,51,42,11
El Paso,3/15/2022,63,0,43,-3,11
El Paso,3/16/2022,58,2,57,-6,11
El Paso,3/17/2022,56,3,72,44,11
El Paso,3/18/2022,56,0,64,4,11
El Paso,3/19/2022,60,3,57,28,11
El Paso,3/20/2022,65,0,48,-17,11
El Paso,3/21/2022,68,3,67,14,11
El Paso,3/22/2022,67,1,58,3,11
El Paso,3/23/2022,63,5,54,44,11
El Paso,3/24/2022,58,0,47,19,11
El Paso,3/25/2022,56,4,51,-1,11
El Paso,3/26/2022,56,5,50,19,11
El Paso,3/27/2022,60,2,39,40,11
El Paso,3/28/2022,65,0,34,-18,11
El Paso,3/29/2022,68,2,44,8,11
El Paso,3/30/2022,67,5,50,13,11
El Paso,3/31/2022,63,2,50,31,11
El Paso,4/1/2022,61,3,47,-6,11
El Paso,4/2/2022,63,5,51,18,11
El Paso,4/3/2022,68,2,71,31,11
El Paso,4/4/2022,73,1,79,-25,11
El Paso,4/5/2022,78,3,68,-25,11
El Paso,4/6/2022,83,4,58,31,11
El Paso,4/7/2022,88,3,57,12,11
El Paso,4/8/2022,99,4,63,22,11
El Paso,4/9/2022,103,2,75,18,11
El Paso,4/10/2022,103,4,60,-30,11
El Paso,4/11/2022,96,5,58,-29,11
El Paso,4/12/2022,98,1,55,-8,11
El Paso,4/13/2022,106,4,66,15,11
El Paso,4/14/2022,109,5,71,27,11
El Paso,4/15/2022,105,5,65,-24,11
El Paso,4/16/2022,99,0,72,-14,11
El Paso,4/17/2022,96,1,76,0,12
El Paso,4/18/2022,97,4,82,9,12
El Paso,4/19/2022,102,0,66,8,12
El Paso,4/20/2022,101,5,70,-11,12
El Paso,4/21/2022,99,4,69,-17,12
El Paso,4/22/2022,101,4,85,-20,12
El Paso,4/23/2022,108,1,84,-3,12
El Paso,4/24/2022,107,1,87,32,12
El Paso,4/25/2022,105,4,77,30,12
El Paso,4/26/2022,102,4,81,37,12
El Paso,4/27/2022,110,3,78,3,12
El Paso,4/28/2022,104,3,89,-27,12
El Paso,4/29/2022,106,0,68,-9,12
El Paso,4/30/2022,102,4,52,9,12
El Paso,5/1/2022,109,2,38,-2,12
El Paso,5/2/2022,107,0,37,-2,12
El Paso,5/3/2022,111,5,41,-27,12
El Paso,5/4/2022,108,5,42,42,12
El Paso,5/5/2022,107,4,52,-17,12
El Paso,5/6/2022,105,3,56,6,12
El Paso,5/7/2022,100,3,52,34,12
El Paso,5/8/2022,106,3,61,-28,12
El Paso,5/9/2022,101,4,71,17,12
El Paso,5/10/2022,102,5,80,-3,12
El Paso,5/11/2022,95,1,69,19,12
El Paso,5/12/2022,94,4,65,3,12
El Paso,5/13/2022,100,3,56,44,12
El Paso,5/14/2022,102,1,54,12,12
El Paso,5/15/2022,103,3,52,33,12
El Paso,5/16/2022,104,5,65,-18,12
El Paso,5/17/2022,106,3,68,7,12
El Paso,5/18/2022,108,3,72,7,12
El Paso,5/19/2022,103,5,56,40,12
El Paso,5/20/2022,101,4,52,6,12
El Paso,5/21/2022,105,4,43,-12,12
El Paso,5/22/2022,110,2,51,11,12
El Paso,5/23/2022,108,4,49,36,12
El Paso,5/24/2022,106,5,47,15,12
El Paso,5/25/2022,104,5,47,4,12
El Paso,5/26/2022,109,4,59,30,12
El Paso,5/27/2022,107,1,68,-3,12
El Paso,5/28/2022,107,1,66,9,12
El Paso,5/29/2022,108,4,58,9,12
El Paso,5/30/2022,110,5,59,6,12
El Paso,5/31/2022,109,5,61,19,12
El Paso,6/1/2022,102,4,73,1,12
El Paso,6/2/2022,103,5,61,-21,13
El Paso,6/3/2022,105,4,56,23,13
El Paso,6/4/2022,107,5,36,-19,13
El Paso,6/5/2022,105,5,33,32,13
El Paso,6/6/2022,104,5,41,16,13
El Paso,6/7/2022,110,0,52,36,13
El Paso,6/8/2022,107,2,50,9,13
El Paso,6/9/2022,101,3,42,0,13
El Paso,6/10/2022,93,0,33,-3,13
El Paso,6/11/2022,99,5,49,-9,13
El Paso,6/12/2022,101,4,63,17,13
El Paso,6/13/2022,106,3,72,4,13
El Paso,6/14/2022,107,2,62,-19,13
El Paso,6/15/2022,113,5,66,20,13
El Paso,6/16/2022,113,4,58,29,13
El Paso,6/17/2022,112,3,67,33,13
El Paso,6/18/2022,103,5,66,14,13
El Paso,6/19/2022,98,4,79,28,13
El Paso,6/20/2022,100,2,73,34,13
El Paso,6/21/2022,108,1,71,26,13
El Paso,6/22/2022,110,0,58,10,13
El Paso,6/23/2022,107,1,71,24,13
El Paso,6/24/2022,107,1,57,40,13
El Paso,6/25/2022,110,0,58,-1,13
El Paso,6/26/2022,110,2,40,2,13
El Paso,6/27/2022,101,0,38,38,13
El Paso,6/28/2022,104,1,46,-1,13
El Paso,6/29/2022,100,2,61,45,13
El Paso,6/30/2022,110,2,75,20,13
El Paso,7/1/2022,106,2,73,21,13
El Paso,7/2/2022,105,1,60,-26,13
El Paso,7/3/2022,97,1,63,6,13
El Paso,7/4/2022,95,1,71,-25,13
El Paso,7/5/2022,96,3,83,-24,13
El Paso,7/6/2022,96,0,81,26,13
El Paso,7/7/2022,99,0,75,28,13
El Paso,7/8/2022,104,0,74,-13,13
El Paso,7/9/2022,106,0,76,28,13
El Paso,7/10/2022,109,0,85,-28,13
El Paso,7/11/2022,106,0,85,22,13
El Paso,7/12/2022,102,0,69,29,13
El Paso,7/13/2022,102,0,51,-7,13
El Paso,7/14/2022,100,0,40,10,13
El Paso,7/15/2022,107,0,41,9,13
El Paso,7/16/2022,100,0,60,11,13
El Paso,7/17/2022,107,0,76,-13,13
El Paso,7/18/2022,109,0,91,-8,13
El Paso,7/19/2022,113,0,87,17,13
El Paso,7/20/2022,106,0,82,6,13
El Paso,7/21/2022,106,0,69,35,13
El Paso,7/22/2022,102,0,64,32,13
El Paso,7/23/2022,107,0,49,-3,13
El Paso,7/24/2022,100,0,55,29,13
El Paso,7/25/2022,99,0,41,37,13
El Paso,7/26/2022,95,0,49,-21,13
El Paso,7/27/2022,99,0,56,8,13
El Paso,7/28/2022,107,0,76,-19,13
El Paso,7/29/2022,110,0,85,-5,13
El Paso,7/30/2022,108,0,74,38,13
El Paso,7/31/2022,108,0,70,14,13
El Paso,8/1/2022,109,0,54,12,13
El Paso,8/2/2022,109,0,52,41,13
El Paso,8/3/2022,103,0,37,25,13
El Paso,8/4/2022,97,0,41,23,13
El Paso,8/5/2022,95,0,51,21,13
El Paso,8/6/2022,103,0,57,41,13
El Paso,8/7/2022,105,0,53,-16,13
El Paso,8/8/2022,108,0,49,35,13
El Paso,8/9/2022,100,0,58,31,13
El Paso,8/10/2022,106,0,75,-22,13
El Paso,8/11/2022,109,0,65,30,13
El Paso,8/12/2022,117,0,58,14,13
El Paso,8/13/2022,113,0,39,15,13
El Paso,8/14/2022,105,0,56,20,13
El Paso,8/15/2022,98,0,53,-1,13
El Paso,8/16/2022,97,0,61,-18,13
El Paso,8/17/2022,100,0,59,30,13
El Paso,8/18/2022,103,0,59,-6,13
El Paso,8/19/2022,108,0,56,41,13
El Paso,8/20/2022,109,0,37,28,13
El Paso,8/21/2022,111,0,45,-15,12
El Paso,8/22/2022,104,0,50,30,12
El Paso,8/23/2022,103,0,58,-22,12
El Paso,8/24/2022,103,0,62,33,12
El Paso,8/25/2022,105,0,57,24,12
El Paso,8/26/2022,104,0,65,-29,12
El Paso,8/27/2022,99,0,60,24,12
El Paso,8/28/2022,98,0,73,-11,12
El Paso,8/29/2022,99,0,66,42,12
El Paso,8/30/2022,100,0,64,39,12
El Paso,8/31/2022,103,0,58,13,12
El Paso,9/1/2022,101,0,51,45,12
El Paso,9/2/2022,103,5,41,39,12
El Paso,9/3/2022,101,5,50,-20,12
El Paso,9/4/2022,103,5,60,-20,12
El Paso,9/5/2022,104,2,66,-20,12
El Paso,9/6/2022,107,1,53,-15,12
El Paso,9/7/2022,113,1,54,-7,12
El Paso,9/8/2022,106,3,53,-23,12
El Paso,9/9/2022,104,4,57,-11,12
El Paso,9/10/2022,104,3,58,10,12
El Paso,9/11/2022,106,1,63,-12,12
El Paso,9/12/2022,104,0,68,37,12
El Paso,9/13/2022,102,1,69,10,12
El Paso,9/14/2022,105,3,67,36,12
El Paso,9/15/2022,110,0,64,20,12
El Paso,9/16/2022,112,3,59,-30,12
El Paso,9/17/2022,111,2,66,17,12
El Paso,9/18/2022,107,0,71,8,12
El Paso,9/19/2022,98,4,80,-20,12
El Paso,9/20/2022,95,1,79,35,12
El Paso,9/21/2022,97,2,77,14,12
El Paso,9/22/2022,103,2,66,-10,12
El Paso,9/23/2022,103,4,60,31,12
El Paso,9/24/2022,104,3,45,-30,12
El Paso,9/25/2022,99,2,49,-10,12
El Paso,9/26/2022,103,2,44,-1,12
El Paso,9/27/2022,103,5,43,0,11
El Paso,9/28/2022,108,0,52,-10,11
El Paso,9/29/2022,112,5,65,36,11
El Paso,9/30/2022,109,1,77,10,11
El Paso,10/1/2022,111,2,71,-15,11
El Paso,10/2/2022,108,5,63,6,11
El Paso,10/3/2022,111,3,57,29,11
El Paso,10/4/2022,104,3,45,43,11
El Paso,10/5/2022,105,3,55,-6,11
El Paso,10/6/2022,99,3,70,25,11
El Paso,10/7/2022,102,1,72,30,11
El Paso,10/8/2022,96,5,65,16,11
El Paso,10/9/2022,102,5,61,3,11
El Paso,10/10/2022,99,4,79,10,11
El Paso,10/11/2022,94,2,68,19,11
El Paso,10/12/2022,75,0,52,34,11
El Paso,10/13/2022,70,2,33,8,11
El Paso,10/14/2022,62,1,54,40,11
El Paso,10/15/2022,68,1,56,38,11
El Paso,10/16/2022,60,3,58,17,11
El Paso,10/17/2022,63,5,37,-28,11
El Paso,10/18/2022,56,5,55,7,11
El Paso,10/19/2022,53,3,58,-6,11
El Paso,10/20/2022,55,4,57,11,11
El Paso,10/21/2022,64,0,58,-13,11
El Paso,10/22/2022,76,5,51,23,11
El Paso,10/23/2022,70,0,58,28,11
El Paso,10/24/2022,70,0,56,-22,11
El Paso,10/25/2022,66,4,59,23,11
El Paso,10/26/2022,70,5,63,26,11
El Paso,10/27/2022,68,2,57,-7,11
El Paso,10/28/2022,69,0,60,16,11
El Paso,10/29/2022,69,2,51,-5,10
El Paso,10/30/2022,73,5,44,18,10
El Paso,10/31/2022,65,4,43,8,10
El Paso,11/1/2022,71,3,55,-20,10
El Paso,11/2/2022,70,3,53,23,10
El Paso,11/3/2022,73,5,46,-22,10
El Paso,11/4/2022,68,2,42,20,10
El Paso,11/5/2022,63,0,60,27,10
El Paso,11/6/2022,67,1,76,35,10
El Paso,11/7/2022,67,4,80,-15,10
El Paso,11/8/2022,63,0,67,-15,10
El Paso,11/9/2022,66,4,64,36,10
El Paso,11/10/2022,61,5,59,7,10
El Paso,11/11/2022,58,0,64,-25,10
El Paso,11/12/2022,55,5,69,-19,10
El Paso,11/13/2022,54,4,71,7,10
El Paso,11/14/2022,67,1,75,42,10
El Paso,11/15/2022,66,0,69,25,10
El Paso,11/16/2022,70,0,60,44,10
El Paso,11/17/2022,70,2,59,44,10
El Paso,11/18/2022,70,4,46,-15,10
El Paso,11/19/2022,77,0,65,10,10
El Paso,11/20/2022,74,2,66,27,10
El Paso,11/21/2022,78,1,81,-7,10
El Paso,11/22/2022,71,3,61,-5,10
El Paso,11/23/2022,74,3,44,0,10
El Paso,11/24/2022,65,4,34,-15,10
El Paso,11/25/2022,63,0,33,20,10
El Paso,11/26/2022,53,0,37,40,10
El Paso,11/27/2022,58,0,48,-26,10
El Paso,11/28/2022,65,5,50,14,10
El Paso,11/29/2022,75,5,57,-13,10
El Paso,11/30/2022,74,5,60,9,10
El Paso,12/1/2022,74,1,60,19,10
El Paso,12/2/2022,67,5,64,-8,10
El Paso,12/3/2022,72,0,66,-19,10
El Paso,12/4/2022,72,2,79,35,10
El Paso,12/5/2022,72,4,81,22,10
El Paso,12/6/2022,65,5,66,-25,10
El Paso,12/7/2022,64,4,71,-1,10
El Paso,12/8/2022,69,2,73,16,10
El Paso,12/9/2022,73,2,70,16,10
El Paso,12/10/2022,76,0,69,19,10
El Paso,12/11/2022,74,4,54,-13,10
El Paso,12/12/2022,67,1,67,22,10
El Paso,12/13/2022,55,5,52,23,10
El Paso,12/14/2022,54,2,58,36,10
El Paso,12/15/2022,55,0,,27,10
El Paso,12/16/2022,56,0,70,33,10
El Paso,12/17/2022,55,0,66,-18,10
El Paso,12/18/2022,66,4,69,-19,10
El Paso,12/19/2022,69,0,54,15,10
El Paso,12/20/2022,66,1,49,-28,10
El Paso,12/21/2022,66,0,52,-18,10
El Paso,12/22/2022,71,5,69,0,10
El Paso,12/23/2022,80,0,87,36,10
El Paso,12/24/2022,78,4,86,2,10
El Paso,12/25/2022,73,5,87,0,10
El Paso,12/26/2022,68,1,67,16,10
El Paso,12/27/2022,67,1,62,-12,10
El Paso,12/28/2022,65,3,46,-22,10
El Paso,12/29/2022,67,5,47,1,10
El Paso,12/30/2022,68,1,40,-1,10
El Paso,12/31/2022,73,4,38,12,10
Houston,1/1/2022,65,2,57,38,10
Houston,1/2/2022,59,4,68,-20,10
Houston,1/3/2022,51,4,70,-25,10
Houston,1/4/2022,54,3,68,41,10
Houston,1/5/2022,53,5,68,10,10
Houston,1/6/2022,54,5,81,-22,10
Houston,1/7/2022,56,5,69,-15,10
Houston,1/8/2022,52,0,50,-14,10
Houston,1/9/2022,51,2,42,42,10
Houston,1/10/2022,48,5,39,27,10
Houston,1/11/2022,49,2,40,-12,10
Houston,1/12/2022,56,0,43,28,10
Houston,1/13/2022,53,1,43,44,10
Houston,1/14/2022,52,3,58,11,10
Houston,1/15/2022,50,1,52,37,10
Houston,1/16/2022,56,4,53,8,10
Houston,1/17/2022,56,3,53,27,10
Houston,1/18/2022,55,5,64,23,10
Houston,1/19/2022,53,3,69,17,10
Houston,1/20/2022,58,1,55,45,10
Houston,1/21/2022,60,4,37,37,10
Houston,1/22/2022,61,2,43,23,10
Houston,1/23/2022,56,4,43,5,10
Houston,1/24/2022,51,2,51,-20,10
Houston,1/25/2022,51,3,57,-24,10
Houston,1/26/2022,52,2,61,44,10
Houston,1/27/2022,55,0,58,-5,10
Houston,1/28/2022,55,1,59,-22,10
Houston,1/29/2022,58,0,58,-7,10
Houston,1/30/2022,56,5,59,40,10
Houston,1/31/2022,55,0,63,-20,10
Houston,2/1/2022,54,0,78,22,10
Houston,2/2/2022,57,2,84,-15,10
Houston,2/3/2022,59,1,62,34,10
Houston,2/4/2022,59,5,46,24,10
Houston,2/5/2022,58,1,51,-14,10
Houston,2/6/2022,55,4,58,-11,10
Houston,2/7/2022,52,5,67,18,10
Houston,2/8/2022,51,5,56,38,10
Houston,2/9/2022,52,0,48,-21,10
Houston,2/10/2022,55,3,55,-10,10
Houston,2/11/2022,58,4,52,17,10
Houston,2/12/2022,60,0,67,2,10
Houston,2/13/2022,62,4,56,1,10
Houston,2/14/2022,65,1,63,-16,10
Houston,2/15/2022,67,1,50,16,10
Houston,2/16/2022,69,5,53,18,10
Houston,2/17/2022,71,2,44,37,10
Houston,2/18/2022,73,1,48,22,10
Houston,2/19/2022,75,5,48,-1,10
Houston,2/20/2022,77,3,59,-5,10
Houston,2/21/2022,79,3,54,10,10
Houston,2/22/2022,81,5,54,34,10
Houston,2/23/2022,83,3,47,-15,10
Houston,2/24/2022,85,2,65,-14,10
Houston,2/25/2022,87,4,70,44,10
Houston,2/26/2022,89,4,65,10,10
Houston,2/27/2022,91,2,50,22,10
Houston,2/28/2022,93,5,39,34,10
Houston,3/1/2022,88,3,55,-27,10
Houston,3/2/2022,85,1,53,29,10
Houston,3/3/2022,80,4,62,45,10
Houston,3/4/2022,82,4,52,-18,11
Houston,3/5/2022,80,2,71,28,11
Houston,3/6/2022,77,2,54,15,11
Houston,3/7/2022,76,2,60,1,11
Houston,3/8/2022,76,5,56,11,11
Houston,3/9/2022,79,0,77,-26,11
Houston,3/10/2022,80,0,67,34,11
Houston,3/11/2022,83,4,62,-14,11
Houston,3/12/2022,83,3,56,-6,11
Houston,3/13/2022,82,2,73,-16,11
Houston,3/14/2022,82,3,79,-29,11
Houston,3/15/2022,81,1,79,-7,11
Houston,3/16/2022,76,4,80,-26,11
Houston,3/17/2022,70,3,60,1,11
Houston,3/18/2022,67,2,57,8,11
Houston,3/19/2022,68,0,47,0,11
Houston,3/20/2022,70,3,64,25,11
Houston,3/21/2022,66,1,61,-8,11
Houston,3/22/2022,60,2,57,34,11
Houston,3/23/2022,56,3,46,-23,11
Houston,3/24/2022,62,2,60,1,11
Houston,3/25/2022,69,3,65,6,11
Houston,3/26/2022,78,0,82,24,11
Houston,3/27/2022,81,5,77,3,11
Houston,3/28/2022,82,5,73,43,11
Houston,3/29/2022,83,0,52,-1,11
Houston,3/30/2022,83,3,42,-10,11
Houston,3/31/2022,81,2,45,9,11
Houston,4/1/2022,80,2,67,39,11
Houston,4/2/2022,77,2,70,-29,11
Houston,4/3/2022,77,5,72,37,11
Houston,4/4/2022,71,4,64,27,11
Houston,4/5/2022,71,1,64,21,11
Houston,4/6/2022,74,5,58,-9,11
Houston,4/7/2022,81,1,47,17,11
Houston,4/8/2022,83,2,51,30,11
Houston,4/9/2022,84,1,63,11,11
Houston,4/10/2022,82,5,59,-1,11
Houston,4/11/2022,82,4,67,-29,11
Houston,4/12/2022,75,4,58,26,11
Houston,4/13/2022,68,2,59,24,11
Houston,4/14/2022,64,3,49,-21,11
Houston,4/15/2022,67,1,56,3,11
Houston,4/16/2022,70,5,77,25,11
Houston,4/17/2022,72,0,82,-16,12
Houston,4/18/2022,73,0,78,-12,12
Houston,4/19/2022,76,5,71,45,12
Houston,4/20/2022,78,4,61,-6,12
Houston,4/21/2022,79,2,63,-14,12
Houston,4/22/2022,81,2,64,41,12
Houston,4/23/2022,83,1,77,-17,12
Houston,4/24/2022,83,3,67,-18,12
Houston,4/25/2022,81,3,66,44,12
Houston,4/26/2022,78,3,60,19,12
Houston,4/27/2022,78,0,69,37,12
Houston,4/28/2022,81,0,58,-18,12
Houston,4/29/2022,83,0,58,12,12
Houston,4/30/2022,81,0,51,-15,12
Houston,5/1/2022,80,0,64,32,12
Houston,5/2/2022,77,0,71,-21,12
Houston,5/3/2022,77,0,87,-16,12
Houston,5/4/2022,71,0,82,26,12
Houston,5/5/2022,71,0,79,19,12
Houston,5/6/2022,74,0,75,4,12
Houston,5/7/2022,81,0,71,-19,12
Houston,5/8/2022,83,0,75,-23,12
Houston,5/9/2022,84,0,74,10,12
Houston,5/10/2022,82,0,73,45,12
Houston,5/11/2022,82,0,61,11,12
Houston,5/12/2022,75,0,56,21,12
Houston,5/13/2022,68,0,55,-28,12
Houston,5/14/2022,64,0,51,-27,12
Houston,5/15/2022,67,0,49,-29,12
Houston,5/16/2022,70,0,43,36,12
Houston,5/17/2022,72,0,51,18,12
Houston,5/18/2022,73,0,53,-18,12
Houston,5/19/2022,76,0,61,16,12
Houston,5/20/2022,78,0,65,-27,12
Houston,5/21/2022,79,0,56,28,12
Houston,5/22/2022,81,0,53,23,12
Houston,5/23/2022,83,0,55,24,12
Houston,5/24/2022,83,0,65,-19,12
Houston,5/25/2022,81,0,73,-28,12
Houston,5/26/2022,78,0,68,-2,12
Houston,5/27/2022,78,0,70,21,12
Houston,5/28/2022,81,0,68,34,12
Houston,5/29/2022,83,0,75,36,12
Houston,5/30/2022,81,0,58,42,12
Houston,5/31/2022,78,0,49,-7,12
Houston,6/1/2022,78,0,50,27,12
Houston,6/2/2022,78,0,69,-19,13
Houston,6/3/2022,77,0,71,-15,13
Houston,6/4/2022,71,0,56,14,13
Houston,6/5/2022,71,0,50,-22,13
Houston,6/6/2022,74,0,48,1,13
Houston,6/7/2022,81,0,41,24,13
Houston,6/8/2022,83,0,41,34,13
Houston,6/9/2022,84,0,49,-24,13
Houston,6/10/2022,82,0,57,38,13
Houston,6/11/2022,82,0,46,14,13
Houston,6/12/2022,75,0,50,2,13
Houston,6/13/2022,68,0,64,45,13
Houston,6/14/2022,64,0,75,41,13
Houston,6/15/2022,67,0,69,36,13
Houston,6/16/2022,70,0,67,15,13
Houston,6/17/2022,72,0,74,19,13
Houston,6/18/2022,73,0,81,17,13
Houston,6/19/2022,76,0,68,9,13
Houston,6/20/2022,78,0,59,-28,13
Houston,6/21/2022,79,0,57,20,13
Houston,6/22/2022,81,0,62,-8,13
Houston,6/23/2022,83,0,57,19,13
Houston,6/24/2022,83,0,49,45,13
Houston,6/25/2022,81,0,44,-20,13
Houston,6/26/2022,78,0,58,-20,13
Houston,6/27/2022,78,0,71,-20,13
Houston,6/28/2022,81,0,84,43,13
Houston,6/29/2022,83,0,74,-3,13
Houston,6/30/2022,81,0,55,32,13
Houston,7/1/2022,83,0,38,-18,13
Houston,7/2/2022,87,0,49,22,13
Houston,7/3/2022,93,0,51,6,13
Houston,7/4/2022,94,0,71,36,13
Houston,7/5/2022,95,0,53,30,13
Houston,7/6/2022,96,0,61,32,13
Houston,7/7/2022,97,0,57,-23,13
Houston,7/8/2022,98,0,64,12,13
Houston,7/9/2022,99,0,62,25,13
Houston,7/10/2022,99,0,44,-14,13
Houston,7/11/2022,99,0,44,6,13
Houston,7/12/2022,98,0,55,6,13
Houston,7/13/2022,97,0,59,20,13
Houston,7/14/2022,96,0,64,7,13
Houston,7/15/2022,95,0,49,45,13
Houston,7/16/2022,94,0,60,11,13
Houston,7/17/2022,93,0,52,7,13
Houston,7/18/2022,92,0,71,2,13
Houston,7/19/2022,91,0,61,24,13
Houston,7/20/2022,90,0,72,28,13
Houston,7/21/2022,89,0,60,-22,13
Houston,7/22/2022,88,0,58,-3,13
Houston,7/23/2022,87,0,53,-30,13
Houston,7/24/2022,86,0,49,-18,13
Houston,7/25/2022,85,0,60,25,13
Houston,7/26/2022,84,0,52,-16,13
Houston,7/27/2022,83,0,63,41,13
Houston,7/28/2022,82,0,69,28,13
Houston,7/29/2022,81,0,81,16,13
Houston,7/30/2022,80,0,63,30,13
Houston,7/31/2022,79,0,51,-17,13
Houston,8/1/2022,83,0,49,13,13
Houston,8/2/2022,87,0,52,4,13
Houston,8/3/2022,92,0,62,20,13
Houston,8/4/2022,93,0,55,25,13
Houston,8/5/2022,94,0,71,-18,13
Houston,8/6/2022,95,0,75,27,13
Houston,8/7/2022,96,0,81,28,13
Houston,8/8/2022,97,0,70,-5,13
Houston,8/9/2022,98,0,65,32,13
Houston,8/10/2022,98,0,56,16,13
Houston,8/11/2022,98,0,66,26,13
Houston,8/12/2022,97,0,53,-7,13
Houston,8/13/2022,96,0,60,31,13
Houston,8/14/2022,95,0,60,1,13
Houston,8/15/2022,94,0,79,-11,13
Houston,8/16/2022,93,0,77,3,13
Houston,8/17/2022,92,0,81,-11,13
Houston,8/18/2022,91,0,59,-5,13
Houston,8/19/2022,90,0,50,24,13
Houston,8/20/2022,89,0,41,-2,13
Houston,8/21/2022,88,0,45,12,12
Houston,8/22/2022,87,0,55,31,12
Houston,8/23/2022,86,0,49,19,12
Houston,8/24/2022,85,0,62,9,12
Houston,8/25/2022,84,0,58,25,12
Houston,8/26/2022,83,0,57,-4,12
Houston,8/27/2022,82,0,50,31,12
Houston,8/28/2022,81,0,63,-19,12
Houston,8/29/2022,80,0,77,14,12
Houston,8/30/2022,79,0,88,6,12
Houston,8/31/2022,78,0,76,-24,12
Houston,9/1/2022,79,0,80,-7,12
Houston,9/2/2022,78,0,70,23,12
Houston,9/3/2022,77,0,77,13,12
Houston,9/4/2022,71,0,60,-26,12
Houston,9/5/2022,71,0,49,-16,12
Houston,9/6/2022,74,0,41,21,12
Houston,9/7/2022,81,0,40,-5,12
Houston,9/8/2022,83,0,41,-4,12
Houston,9/9/2022,84,0,54,40,12
Houston,9/10/2022,82,0,66,33,12
Houston,9/11/2022,82,0,86,40,12
Houston,9/12/2022,75,0,67,16,12
Houston,9/13/2022,68,3.9,69,15,12
Houston,9/14/2022,64,4.1,56,26,12
Houston,9/15/2022,67,0,73,-15,12
Houston,9/16/2022,70,0,60,2,12
Houston,9/17/2022,72,0,73,20,12
Houston,9/18/2022,73,0,69,11,12
Houston,9/19/2022,76,0.7,77,13,12
Houston,9/20/2022,78,0,64,-15,12
Houston,9/21/2022,79,0,67,-29,12
Houston,9/22/2022,81,0,74,-7,12
Houston,9/23/2022,83,0,88,10,12
Houston,9/24/2022,83,0,70,-6,12
Houston,9/25/2022,81,0,62,22,12
Houston,9/26/2022,78,0,62,10,12
Houston,9/27/2022,78,0,69,2,11
Houston,9/28/2022,81,0,79,13,11
Houston,9/29/2022,83,2.2,60,-23,11
Houston,9/30/2022,81,0,60,18,11
Houston,10/1/2022,81,0.3,60,37,11
Houston,10/2/2022,81,0,62,-9,11
Houston,10/3/2022,84,0,61,-16,11
Houston,10/4/2022,83,0,61,-18,11
Houston,10/5/2022,82,0,67,-29,11
Houston,10/6/2022,81,0,80,4,11
Houston,10/7/2022,80,0,74,25,11
Houston,10/8/2022,79,0,80,35,11
Houston,10/9/2022,78,0,65,38,11
Houston,10/10/2022,77,0,70,-14,11
Houston,10/11/2022,76,1,75,2,11
Houston,10/12/2022,75,0,73,0,11
Houston,10/13/2022,74,0,74,-4,11
Houston,10/14/2022,73,0.3,60,33,11
Houston,10/15/2022,72,0,58,19,11
Houston,10/16/2022,71,0,59,37,11
Houston,10/17/2022,70,0,68,-5,11
Houston,10/18/2022,69,0,69,-24,11
Houston,10/19/2022,68,0,51,-14,11
Houston,10/20/2022,67,0,43,1,11
Houston,10/21/2022,66,0,40,-3,11
Houston,10/22/2022,65,0,41,-16,11
Houston,10/23/2022,64,0.7,40,30,11
Houston,10/24/2022,63,0,44,-26,11
Houston,10/25/2022,62,0,59,32,11
Houston,10/26/2022,61,0,60,-17,11
Houston,10/27/2022,60,3.6,75,25,11
Houston,10/28/2022,59,0,58,-19,11
Houston,10/29/2022,58,0,65,-14,10
Houston,10/30/2022,57,0,63,-25,10
Houston,10/31/2022,56,0,62,24,10
Houston,11/1/2022,50,0,58,18,10
Houston,11/2/2022,44,0,41,-27,10
Houston,11/3/2022,46,0.7,48,9,10
Houston,11/4/2022,51,0,38,-30,10
Houston,11/5/2022,60,0,44,-2,10
Houston,11/6/2022,53,0,40,22,10
Houston,11/7/2022,49,0,49,18,10
Houston,11/8/2022,49,0,57,15,10
Houston,11/9/2022,56,0,57,-11,10
Houston,11/10/2022,56,0,61,16,10
Houston,11/11/2022,48,0.9,58,38,10
Houston,11/12/2022,40,0,65,28,10
Houston,11/13/2022,41,0,56,0,10
Houston,11/14/2022,44,0,51,42,10
Houston,11/15/2022,53,0,42,25,10
Houston,11/16/2022,54,0,52,19,10
Houston,11/17/2022,56,0,51,-15,10
Houston,11/18/2022,50,0,59,-17,10
Houston,11/19/2022,54,0,52,-25,10
Houston,11/20/2022,47,0,56,1,10
Houston,11/21/2022,48,1,43,-27,10
Houston,11/22/2022,48,0,42,5,10
Houston,11/23/2022,53,0,37,-24,10
Houston,11/24/2022,59,0,51,16,10
Houston,11/25/2022,59,1.3,57,27,10
Houston,11/26/2022,62,0,67,-27,10
Houston,11/27/2022,59,0.1,53,29,10
Houston,11/28/2022,58,0,57,13,10
Houston,11/29/2022,57,0,49,-10,10
Houston,11/30/2022,56,0,52,-5,10
Houston,12/1/2022,55,0,56,-16,10
Houston,12/2/2022,56,0,54,10,10
Houston,12/3/2022,51,0,52,-29,10
Houston,12/4/2022,50,0,34,-12,10
Houston,12/5/2022,47,0,35,-20,10
Houston,12/6/2022,48,0.9,46,-5,10
Houston,12/7/2022,50,0,43,-2,10
Houston,12/8/2022,46,0,55,-27,10
Houston,12/9/2022,55,0,58,-13,10
Houston,12/10/2022,55,0,73,24,10
Houston,12/11/2022,59,0,58,18,10
Houston,12/12/2022,56,0,49,21,10
Houston,12/13/2022,53,0,48,44,10
Houston,12/14/2022,48,0,68,42,10
Houston,12/15/2022,50,0,81,-6,10
Houston,12/16/2022,46,0,81,10,10
Houston,12/17/2022,55,0,78,12,10
Houston,12/18/2022,54,2.3,58,6,10
Houston,12/19/2022,53,0,49,33,10
Houston,12/20/2022,45,0.1,31,5,10
Houston,12/21/2022,45,2,34,28,10
Houston,12/22/2022,46,1,52,-12,10
Houston,12/23/2022,55,1,72,21,10
Houston,12/24/2022,50,0,84,19,10
Houston,12/25/2022,48,0,65,42,10
Houston,12/26/2022,41,3,53,10,10
Houston,12/27/2022,48,0,47,-7,10
Houston,12/28/2022,55,1,57,43,10
Houston,12/29/2022,60,3,66,28,10
Houston,12/30/2022,58,3,65,29,10
Houston,12/31/2022,53,1,76,-30,10
Midland,1/1/2022,54,3,64,15,10
Midland,1/2/2022,57,1,54,23,10
Midland,1/3/2022,67,3,43,30,10
Midland,1/4/2022,69,0,52,24,10
Midland,1/5/2022,68,3,74,0,10
Midland,1/6/2022,69,2,66,32,10
Midland,1/7/2022,68,1,70,14,10
Midland,1/8/2022,68,1,66,-29,10
Midland,1/9/2022,67,3,70,24,10
Midland,1/10/2022,73,1,64,29,10
Midland,1/11/2022,76,1,58,-9,10
Midland,1/12/2022,70,2,60,19,10
Midland,1/13/2022,65,3,54,44,10
Midland,1/14/2022,64,3,55,26,10
Midland,1/15/2022,69,3,63,5,10
Midland,1/16/2022,71,3,66,35,10
Midland,1/17/2022,70,0,61,31,10
Midland,1/18/2022,66,0,66,-24,10
Midland,1/19/2022,62,2,61,39,10
Midland,1/20/2022,61,3,73,34,10
Midland,1/21/2022,61,1,54,23,10
Midland,1/22/2022,60,3,67,39,10
Midland,1/23/2022,57,1,47,-21,10
Midland,1/24/2022,51,2,64,35,10
Midland,1/25/2022,49,1,57,2,10
Midland,1/26/2022,46,3,59,-26,10
Midland,1/27/2022,51,3,57,-16,10
Midland,1/28/2022,58,3,52,44,10
Midland,1/29/2022,58,1,73,26,10
Midland,1/30/2022,48,3,72,-17,10
Midland,1/31/2022,39,0,75,16,10
Midland,2/1/2022,36,3,60,16,10
Midland,2/2/2022,39,0,62,42,10
Midland,2/3/2022,40,2,70,21,10
Midland,2/4/2022,37,2,64,43,10
Midland,2/5/2022,43,0,51,4,10
Midland,2/6/2022,48,3,44,-23,10
Midland,2/7/2022,59,2,50,-1,10
Midland,2/8/2022,67,1,52,-12,10
Midland,2/9/2022,74,1,63,14,10
Midland,2/10/2022,70,0,64,-5,10
Midland,2/11/2022,63,1,62,31,10
Midland,2/12/2022,50,0,64,-18,10
Midland,2/13/2022,52,0,77,2,10
Midland,2/14/2022,45,0,83,40,10
Midland,2/15/2022,51,2,83,30,10
Midland,2/16/2022,52,1,71,-9,10
Midland,2/17/2022,63,1,58,12,10
Midland,2/18/2022,68,1,56,-12,10
Midland,2/19/2022,71,0,65,-18,10
Midland,2/20/2022,69,1,77,6,10
Midland,2/21/2022,68,1,71,32,10
Midland,2/22/2022,71,2,53,-7,10
Midland,2/23/2022,69,3,60,-7,10
Midland,2/24/2022,67,2,62,-29,10
Midland,2/25/2022,67,0,79,10,10
Midland,2/26/2022,77,3,71,-15,10
Midland,2/27/2022,81,3,66,-3,10
Midland,2/28/2022,80,2,67,5,10
Midland,3/1/2022,77,3,73,-8,10
Midland,3/2/2022,76,0,64,-28,10
Midland,3/3/2022,73,3,54,38,10
Midland,3/4/2022,72,2,40,44,11
Midland,3/5/2022,74,3,40,42,11
Midland,3/6/2022,80,1,42,7,11
Midland,3/7/2022,84,3,60,37,11
Midland,3/8/2022,74,3,65,42,11
Midland,3/9/2022,69,2,56,13,11
Midland,3/10/2022,65,1,52,2,11
Midland,3/11/2022,76,2,54,33,11
Midland,3/12/2022,77,2,71,7,11
Midland,3/13/2022,75,3,64,-25,11
Midland,3/14/2022,69,0,64,30,11
Midland,3/15/2022,69,0,52,-26,11
Midland,3/16/2022,76,2,58,-23,11
Midland,3/17/2022,76,2,68,-2,11
Midland,3/18/2022,73,0,65,8,11
Midland,3/19/2022,69,1,52,-15,11
Midland,3/20/2022,68,2,32,16,11
Midland,3/21/2022,66,3,34,-10,11
Midland,3/22/2022,61,2,33,-7,11
Midland,3/23/2022,58,2,42,14,11
Midland,3/24/2022,62,1,45,13,11
Midland,3/25/2022,62,2,48,-6,11
Midland,3/26/2022,62,0,54,-25,11
Midland,3/27/2022,62,1,48,-23,11
Midland,3/28/2022,66,1,57,40,11
Midland,3/29/2022,68,2,55,-9,11
Midland,3/30/2022,66,1,55,33,11
Midland,3/31/2022,64,2,53,38,11
Midland,4/1/2022,68,2,59,0,11
Midland,4/2/2022,66,1,62,13,11
Midland,4/3/2022,70,0,53,-1,11
Midland,4/4/2022,75,2,50,0,11
Midland,4/5/2022,84,3,51,-17,11
Midland,4/6/2022,86,3,66,-2,11
Midland,4/7/2022,80,0,56,-2,11
Midland,4/8/2022,74,2,55,-30,11
Midland,4/9/2022,70,3,60,24,11
Midland,4/10/2022,72,3,56,-18,11
Midland,4/11/2022,73,0,51,-22,11
Midland,4/12/2022,76,2,33,1,11
Midland,4/13/2022,71,2,52,42,11
Midland,4/14/2022,76,0,62,31,11
Midland,4/15/2022,80,0,76,40,11
Midland,4/16/2022,87,1,60,-25,11
Midland,4/17/2022,79,0,62,-4,12
Midland,4/18/2022,80,1,51,-30,12
Midland,4/19/2022,75,2,51,12,12
Midland,4/20/2022,77,0,55,-27,12
Midland,4/21/2022,79,0,61,-13,12
Midland,4/22/2022,84,2,68,2,12
Midland,4/23/2022,85,3,53,0,12
Midland,4/24/2022,79,2,40,40,12
Midland,4/25/2022,75,1,52,34,12
Midland,4/26/2022,74,1,49,7,12
Midland,4/27/2022,77,3,65,36,12
Midland,4/28/2022,74,0,49,29,12
Midland,4/29/2022,76,0,64,20,12
Midland,4/30/2022,75,3,49,32,12
Midland,5/1/2022,78,1,50,-22,12
Midland,5/2/2022,76,1,49,31,12
Midland,5/3/2022,74,1,61,-21,12
Midland,5/4/2022,78,2,58,44,12
Midland,5/5/2022,82,2,58,-16,12
Midland,5/6/2022,82,2,47,32,12
Midland,5/7/2022,82,0,49,3,12
Midland,5/8/2022,75,0,50,-10,12
Midland,5/9/2022,79,0,63,-27,12
Midland,5/10/2022,79,1,65,-21,12
Midland,5/11/2022,81,2,71,34,12
Midland,5/12/2022,76,2,66,5,12
Midland,5/13/2022,70,2,63,-6,12
Midland,5/14/2022,73,3,49,41,12
Midland,5/15/2022,77,3,55,45,12
Midland,5/16/2022,82,2,58,28,12
Midland,5/17/2022,85,2,56,5,12
Midland,5/18/2022,81,0,53,-6,12
Midland,5/19/2022,80,2,58,34,12
Midland,5/20/2022,79,1,68,3,12
Midland,5/21/2022,85,2,68,23,12
Midland,5/22/2022,84,1,56,29,12
Midland,5/23/2022,82,3,45,27,12
Midland,5/24/2022,77,1,49,-1,12
Midland,5/25/2022,78,1,62,-18,12
Midland,5/26/2022,82,0,57,14,12
Midland,5/27/2022,86,1,54,-1,12
Midland,5/28/2022,90,3,60,43,12
Midland,5/29/2022,81,3,71,38,12
Midland,5/30/2022,75,1,65,21,12
Midland,5/31/2022,70,1,55,33,12
Midland,6/1/2022,80,3,62,-29,12
Midland,6/2/2022,88,3,72,10,13
Midland,6/3/2022,99,2,84,1,13
Midland,6/4/2022,103,0,88,22,13
Midland,6/5/2022,106,3,77,-20,13
Midland,6/6/2022,102,3,59,14,13
Midland,6/7/2022,100,0,49,-16,13
Midland,6/8/2022,97,2,66,-28,13
Midland,6/9/2022,98,2,68,40,13
Midland,6/10/2022,95,0,59,37,13
Midland,6/11/2022,95,0,43,-5,13
Midland,6/12/2022,95,3,54,39,13
Midland,6/13/2022,93,2,51,40,13
Midland,6/14/2022,98,3,60,0,13
Midland,6/15/2022,95,1,64,24,13
Midland,6/16/2022,98,2,70,23,13
Midland,6/17/2022,97,3,75,23,13
Midland,6/18/2022,100,1,75,-15,13
Midland,6/19/2022,99,0,89,-3,13
Midland,6/20/2022,98,2,77,5,13
Midland,6/21/2022,97,1,73,37,13
Midland,6/22/2022,96,1,58,14,13
Midland,6/23/2022,92,0,50,-9,13
Midland,6/24/2022,93,3,49,-12,13
Midland,6/25/2022,97,2,54,11,13
Midland,6/26/2022,97,1,60,-4,13
Midland,6/27/2022,100,0,55,39,13
Midland,6/28/2022,100,2,50,17,13
Midland,6/29/2022,102,1,63,40,13
Midland,6/30/2022,98,2,53,36,13
Midland,7/1/2022,95,0,57,-9,13
Midland,7/2/2022,97,3,55,-12,13
Midland,7/3/2022,100,1,59,43,13
Midland,7/4/2022,100,2,56,31,13
Midland,7/5/2022,95,0,43,41,13
Midland,7/6/2022,91,2,40,11,13
Midland,7/7/2022,89,3,37,27,13
Midland,7/8/2022,93,0,55,-16,13
Midland,7/9/2022,92,0,54,41,13
Midland,7/10/2022,93,0,66,39,13
Midland,7/11/2022,96,0,52,-9,13
Midland,7/12/2022,102,0,71,40,13
Midland,7/13/2022,103,0,63,29,13
Midland,7/14/2022,100,0,58,31,13
Midland,7/15/2022,97,0,48,-18,13
Midland,7/16/2022,100,0,56,42,13
Midland,7/17/2022,102,0,71,10,13
Midland,7/18/2022,102,0,71,41,13
Midland,7/19/2022,104,0,74,18,13
Midland,7/20/2022,99,0,59,31,13
Midland,7/21/2022,101,0,54,2,13
Midland,7/22/2022,98,0,42,21,13
Midland,7/23/2022,105,0,47,22,13
Midland,7/24/2022,98,0,48,-19,13
Midland,7/25/2022,101,0,47,14,13
Midland,7/26/2022,96,0,58,7,13
Midland,7/27/2022,98,0,69,11,13
Midland,7/28/2022,98,0,83,-5,13
Midland,7/29/2022,98,0,73,11,13
Midland,7/30/2022,102,0,70,-23,13
Midland,7/31/2022,95,0,52,27,13
Midland,8/1/2022,92,0,61,18,13
Midland,8/2/2022,88,0,64,43,13
Midland,8/3/2022,91,0,74,-5,13
Midland,8/4/2022,93,0,57,27,13
Midland,8/5/2022,98,0,53,-26,13
Midland,8/6/2022,100,0,45,-25,13
Midland,8/7/2022,100,0,52,31,13
Midland,8/8/2022,100,0,48,15,13
Midland,8/9/2022,95,0,67,9,13
Midland,8/10/2022,98,0,69,43,13
Midland,8/11/2022,94,0,72,23,13
Midland,8/12/2022,102,0,74,6,13
Midland,8/13/2022,104,0,68,42,13
Midland,8/14/2022,104,0,75,-27,13
Midland,8/15/2022,103,0,55,33,13
Midland,8/16/2022,97,0,63,27,13
Midland,8/17/2022,98,0,49,-19,13
Midland,8/18/2022,96,0,60,30,13
Midland,8/19/2022,98,0,66,-1,13
Midland,8/20/2022,96,0,65,42,13
Midland,8/21/2022,92,0,54,-20,12
Midland,8/22/2022,93,0,57,18,12
Midland,8/23/2022,99,0,65,37,12
Midland,8/24/2022,102,0,72,-28,12
Midland,8/25/2022,103,0,58,-16,12
Midland,8/26/2022,99,0,52,-14,12
Midland,8/27/2022,100,0,65,44,12
Midland,8/28/2022,95,0,79,-21,12
Midland,8/29/2022,94,0,91,-17,12
Midland,8/30/2022,91,0,82,31,12
Midland,8/31/2022,94,0,82,28,12
Midland,9/1/2022,92,0,62,25,12
Midland,9/2/2022,97,0,70,-16,12
Midland,9/3/2022,94,0,65,-10,12
Midland,9/4/2022,94,0,66,-9,12
Midland,9/5/2022,95,0,53,23,12
Midland,9/6/2022,102,0,38,-29,12
Midland,9/7/2022,108,0,48,33,12
Midland,9/8/2022,104,0,44,-17,12
Midland,9/9/2022,100,0,53,37,12
Midland,9/10/2022,100,0,55,4,12
Midland,9/11/2022,96,0,67,1,12
Midland,9/12/2022,96,0,63,38,12
Midland,9/13/2022,88,2,57,0,12
Midland,9/14/2022,83,3,46,-26,12
Midland,9/15/2022,75,2,42,-24,12
Midland,9/16/2022,72,2,34,20,12
Midland,9/17/2022,73,4,33,-6,12
Midland,9/18/2022,74,3,38,22,12
Midland,9/19/2022,72,3,44,38,12
Midland,9/20/2022,75,4,54,-24,12
Midland,9/21/2022,71,4,54,29,12
Midland,9/22/2022,75,1,49,27,12
Midland,9/23/2022,72,4,44,40,12
Midland,9/24/2022,78,1,38,41,12
Midland,9/25/2022,78,3,54,9,12
Midland,9/26/2022,80,0,54,21,12
Midland,9/27/2022,80,2,58,-20,11
Midland,9/28/2022,79,3,46,12,11
Midland,9/29/2022,75,0,44,-9,11
Midland,9/30/2022,71,3,52,16,11
Midland,10/1/2022,71,2,68,27,11
Midland,10/2/2022,77,0,71,1,11
Midland,10/3/2022,75,4,58,24,11
Midland,10/4/2022,73,3,55,11,11
Midland,10/5/2022,73,4,50,-20,11
Midland,10/6/2022,79,1,60,-30,11
Midland,10/7/2022,82,1,53,21,11
Midland,10/8/2022,78,3,71,20,11
Midland,10/9/2022,72,3,76,5,11
Midland,10/10/2022,72,4,72,19,11
Midland,10/11/2022,76,3,72,-10,11
Midland,10/12/2022,76,0,58,1,11
Midland,10/13/2022,74,4,71,32,11
Midland,10/14/2022,71,2,72,33,11
Midland,10/15/2022,76,3,72,5,11
Midland,10/16/2022,78,3,50,-17,11
Midland,10/17/2022,69,1,32,6,11
Midland,10/18/2022,58,3,34,-20,11
Midland,10/19/2022,49,4,47,38,11
Midland,10/20/2022,53,2,61,32,11
Midland,10/21/2022,59,4,70,13,11
Midland,10/22/2022,59,4,72,35,11
Midland,10/23/2022,60,4,74,-20,11
Midland,10/24/2022,55,4,79,2,11
Midland,10/25/2022,53,0,68,-8,11
Midland,10/26/2022,48,2,56,8,11
Midland,10/27/2022,52,2,44,-5,11
Midland,10/28/2022,53,2,48,-25,11
Midland,10/29/2022,57,0,61,-20,10
Midland,10/30/2022,54,3,61,40,10
Midland,10/31/2022,57,3,58,17,10
Midland,11/1/2022,55,1,52,-7,10
Midland,11/2/2022,55,3,49,37,10
Midland,11/3/2022,55,1,54,11,10
Midland,11/4/2022,57,3,61,25,10
Midland,11/5/2022,60,3,66,13,10
Midland,11/6/2022,60,0,58,-11,10
Midland,11/7/2022,60,4,38,-13,10
Midland,11/8/2022,61,4,31,-2,10
Midland,11/9/2022,59,4,30,4,10
Midland,11/10/2022,58,4,50,16,10
Midland,11/11/2022,52,0,65,-23,10
Midland,11/12/2022,50,3,63,18,10
Midland,11/13/2022,51,0,65,5,10
Midland,11/14/2022,53,0,60,-10,10
Midland,11/15/2022,54,0,74,-19,10
Midland,11/16/2022,51,3,68,42,10
Midland,11/17/2022,56,3,74,33,10
Midland,11/18/2022,55,1,77,11,10
Midland,11/19/2022,57,1,83,-29,10
Midland,11/20/2022,52,1,88,29,10
Midland,11/21/2022,51,1,80,-17,10
Midland,11/22/2022,50,2,70,13,10
Midland,11/23/2022,52,1,63,-11,10
Midland,11/24/2022,52,2,64,-14,10
Midland,11/25/2022,54,1,61,15,10
Midland,11/26/2022,53,1,57,-10,10
Midland,11/27/2022,59,1,66,18,10
Midland,11/28/2022,59,3,62,-12,10
Midland,11/29/2022,64,0,53,-20,10
Midland,11/30/2022,61,1,33,6,10
Midland,12/1/2022,57,0,37,-27,10
Midland,12/2/2022,54,0,45,-23,10
Midland,12/3/2022,52,0,44,32,10
Midland,12/4/2022,51,2,48,30,10
Midland,12/5/2022,49,1,42,12,10
Midland,12/6/2022,48,4,56,12,10
Midland,12/7/2022,53,4,65,18,10
Midland,12/8/2022,56,0,77,25,10
Midland,12/9/2022,58,0,78,41,10
Midland,12/10/2022,55,1,68,12,10
Midland,12/11/2022,55,3,63,21,10
Midland,12/12/2022,59,4,68,-1,10
Midland,12/13/2022,55,4,59,12,10
Midland,12/14/2022,57,0,50,-22,10
Midland,12/15/2022,53,2,45,-10,10
Midland,12/16/2022,58,3,53,13,10
Midland,12/17/2022,56,0,59,-19,10
Midland,12/18/2022,59,3,47,36,10
Midland,12/19/2022,54,3,42,17,10
Midland,12/20/2022,51,4,41,23,10
Midland,12/21/2022,49,3,47,34,10
Midland,12/22/2022,55,0,48,-18,10
Midland,12/23/2022,60,3,55,42,10
Midland,12/24/2022,61,1,48,12,10
Midland,12/25/2022,57,1,39,-28,10
Midland,12/26/2022,57,0,49,2,10
Midland,12/27/2022,60,4,60,-17,10
Midland,12/28/2022,63,1,80,41,10
Midland,12/29/2022,64,4,67,32,10
Midland,12/30/2022,64,3,70,-5,10
Midland,12/31/2022,61,1,52,27,10
Pecos,1/1/2022,56,0,64,19,10
Pecos,1/2/2022,56,0,62,38,10
Pecos,1/3/2022,59,4,66,19,10
Pecos,1/4/2022,67,1,51,-2,10
Pecos,1/5/2022,63,2,43,36,10
Pecos,1/6/2022,60,3,55,-16,10
Pecos,1/7/2022,55,1,70,45,10
Pecos,1/8/2022,60,4,78,23,10
Pecos,1/9/2022,60,0,71,-8,10
Pecos,1/10/2022,63,2,72,-6,10
Pecos,1/11/2022,61,0,71,23,10
Pecos,1/12/2022,61,0,79,1,10
Pecos,1/13/2022,62,2,78,20,10
Pecos,1/14/2022,65,3,90,37,10
Pecos,1/15/2022,64,2,79,-10,10
Pecos,1/16/2022,59,4,61,33,10
Pecos,1/17/2022,56,2,51,15,10
Pecos,1/18/2022,58,1,44,13,10
Pecos,1/19/2022,55,4,52,43,10
Pecos,1/20/2022,53,2,48,29,10
Pecos,1/21/2022,54,0,59,8,10
Pecos,1/22/2022,60,3,57,44,10
Pecos,1/23/2022,69,3,51,10,10
Pecos,1/24/2022,70,4,45,-27,10
Pecos,1/25/2022,74,4,49,14,10
Pecos,1/26/2022,65,2,68,1,10
Pecos,1/27/2022,64,3,70,37,10
Pecos,1/28/2022,59,3,65,37,10
Pecos,1/29/2022,59,2,45,18,10
Pecos,1/30/2022,61,1,56,37,10
Pecos,1/31/2022,60,4,67,16,10
Pecos,2/1/2022,58,0,77,-30,10
Pecos,2/2/2022,59,4,64,-18,10
Pecos,2/3/2022,55,0,43,25,10
Pecos,2/4/2022,60,0,37,36,10
Pecos,2/5/2022,52,3,47,33,10
Pecos,2/6/2022,56,4,64,38,10
Pecos,2/7/2022,53,2,73,19,10
Pecos,2/8/2022,61,4,64,20,10
Pecos,2/9/2022,57,3,47,-16,10
Pecos,2/10/2022,60,2,49,-17,10
Pecos,2/11/2022,57,1,58,0,10
Pecos,2/12/2022,57,0,65,11,10
Pecos,2/13/2022,54,3,57,4,10
Pecos,2/14/2022,54,4,41,4,10
Pecos,2/15/2022,55,4,42,-4,10
Pecos,2/16/2022,53,2,48,-23,10
Pecos,2/17/2022,46,0,47,11,10
Pecos,2/18/2022,45,1,49,39,10
Pecos,2/19/2022,45,0,57,44,10
Pecos,2/20/2022,46,2,69,-16,10
Pecos,2/21/2022,48,4,74,2,10
Pecos,2/22/2022,48,1,71,-24,10
Pecos,2/23/2022,48,3,64,-8,10
Pecos,2/24/2022,50,1,69,18,10
Pecos,2/25/2022,53,1,71,-24,10
Pecos,2/26/2022,59,2,77,-10,10
Pecos,2/27/2022,62,3,63,-20,10
Pecos,2/28/2022,69,3,45,23,10
Pecos,3/1/2022,65,1,32,-29,10
Pecos,3/2/2022,64,2,27,-30,10
Pecos,3/3/2022,60,0,38,-4,10
Pecos,3/4/2022,64,2,50,42,11
Pecos,3/5/2022,62,2,53,-21,11
Pecos,3/6/2022,60,1,47,-23,11
Pecos,3/7/2022,55,1,54,-21,11
Pecos,3/8/2022,57,3,52,24,11
Pecos,3/9/2022,62,3,63,39,11
Pecos,3/10/2022,69,0,43,-22,11
Pecos,3/11/2022,73,0,49,35,11
Pecos,3/12/2022,69,3,37,42,11
Pecos,3/13/2022,63,3,50,24,11
Pecos,3/14/2022,63,0,44,37,11
Pecos,3/15/2022,64,4,52,-24,11
Pecos,3/16/2022,67,4,55,30,11
Pecos,3/17/2022,61,1,69,40,11
Pecos,3/18/2022,58,0,62,28,11
Pecos,3/19/2022,57,0,63,31,11
Pecos,3/20/2022,62,1,56,-5,11
Pecos,3/21/2022,62,4,68,15,11
Pecos,3/22/2022,65,0,71,-19,11
Pecos,3/23/2022,67,1,70,-21,11
Pecos,3/24/2022,68,2,58,18,11
Pecos,3/25/2022,64,4,53,45,11
Pecos,3/26/2022,64,0,62,28,11
Pecos,3/27/2022,70,1,62,30,11
Pecos,3/28/2022,73,4,68,-17,11
Pecos,3/29/2022,65,1,55,11,11
Pecos,3/30/2022,56,3,52,-1,11
Pecos,3/31/2022,54,2,51,-1,11
Pecos,4/1/2022,60,3,66,11,11
Pecos,4/2/2022,67,2,69,32,11
Pecos,4/3/2022,65,0,57,-28,11
Pecos,4/4/2022,57,3,47,42,11
Pecos,4/5/2022,53,3,61,-5,11
Pecos,4/6/2022,51,0,73,0,11
Pecos,4/7/2022,54,1,77,11,11
Pecos,4/8/2022,56,4,59,16,11
Pecos,4/9/2022,56,0,51,35,11
Pecos,4/10/2022,60,1,58,19,11
Pecos,4/11/2022,61,2,65,3,11
Pecos,4/12/2022,65,4,64,0,11
Pecos,4/13/2022,65,3,49,-17,11
Pecos,4/14/2022,66,3,65,-29,11
Pecos,4/15/2022,66,3,66,12,11
Pecos,4/16/2022,68,2,68,-23,11
Pecos,4/17/2022,68,3,48,13,12
Pecos,4/18/2022,66,0,46,-13,12
Pecos,4/19/2022,64,0,43,1,12
Pecos,4/20/2022,64,0,46,12,12
Pecos,4/21/2022,69,0,45,26,12
Pecos,4/22/2022,68,0,53,21,12
Pecos,4/23/2022,62,0,51,-10,12
Pecos,4/24/2022,60,0,53,8,12
Pecos,4/25/2022,58,0,56,-17,12
Pecos,4/26/2022,63,0,53,-11,12
Pecos,4/27/2022,63,0,52,44,12
Pecos,4/28/2022,60,0,52,-8,12
Pecos,4/29/2022,61,0,62,-15,12
Pecos,4/30/2022,63,0,71,41,12
Pecos,5/1/2022,78,0,74,24,12
Pecos,5/2/2022,93,0,85,17,12
Pecos,5/3/2022,103,0,71,-7,12
Pecos,5/4/2022,105,0,55,6,12
Pecos,5/5/2022,102,0,36,45,12
Pecos,5/6/2022,107,0,35,5,12
Pecos,5/7/2022,109,0,55,40,12
Pecos,5/8/2022,108,0,52,-23,12
Pecos,5/9/2022,107,0,49,9,12
Pecos,5/10/2022,102,0,27,33,12
Pecos,5/11/2022,107,0,32,34,12
Pecos,5/12/2022,102,0,38,43,12
Pecos,5/13/2022,104,0,55,33,12
Pecos,5/14/2022,99,0,66,20,12
Pecos,5/15/2022,97,0,65,-21,12
Pecos,5/16/2022,96,0,61,14,12
Pecos,5/17/2022,92,0,52,26,12
Pecos,5/18/2022,89,0,62,3,12
Pecos,5/19/2022,92,0,52,7,12
Pecos,5/20/2022,96,0,48,-16,12
Pecos,5/21/2022,105,0,46,35,12
Pecos,5/22/2022,101,0,56,18,12
Pecos,5/23/2022,101,0,68,25,12
Pecos,5/24/2022,100,0,59,-2,12
Pecos,5/25/2022,102,0,66,15,12
Pecos,5/26/2022,104,0,65,-16,12
Pecos,5/27/2022,100,0,63,32,12
Pecos,5/28/2022,96,0,63,-24,12
Pecos,5/29/2022,95,0,59,6,12
Pecos,5/30/2022,93,0,67,-1,12
Pecos,5/31/2022,95,0,52,-6,12
Pecos,6/1/2022,90,0,49,13,12
Pecos,6/2/2022,91,0,42,-12,13
Pecos,6/3/2022,92,0,53,5,13
Pecos,6/4/2022,98,0,67,-30,13
Pecos,6/5/2022,101,0,82,-8,13
Pecos,6/6/2022,100,0,74,18,13
Pecos,6/7/2022,104,0,53,35,13
Pecos,6/8/2022,99,0,52,-27,13
Pecos,6/9/2022,108,0,51,22,13
Pecos,6/10/2022,97,0,72,10,13
Pecos,6/11/2022,107,0,55,5,13
Pecos,6/12/2022,102,0,66,0,13
Pecos,6/13/2022,110,0,53,37,13
Pecos,6/14/2022,106,0,71,-5,13
Pecos,6/15/2022,109,0,71,-2,13
Pecos,6/16/2022,102,0,82,11,13
Pecos,6/17/2022,95,0,70,40,13
Pecos,6/18/2022,88,0,56,32,13
Pecos,6/19/2022,93,0,41,-17,13
Pecos,6/20/2022,93,0,36,34,13
Pecos,6/21/2022,101,0,38,29,13
Pecos,6/22/2022,104,0,52,43,13
Pecos,6/23/2022,112,0,71,1,13
Pecos,6/24/2022,114,0,65,26,13
Pecos,6/25/2022,111,0,68,-3,13
Pecos,6/26/2022,103,0,50,-9,13
Pecos,6/27/2022,96,0,60,-2,13
Pecos,6/28/2022,100,0,45,-12,13
Pecos,6/29/2022,104,0,56,-26,13
Pecos,6/30/2022,110,0,57,-19,13
Pecos,7/1/2022,107,0,58,44,13
Pecos,7/2/2022,113,0,61,-30,13
Pecos,7/3/2022,109,0,58,18,13
Pecos,7/4/2022,112,0,72,22,13
Pecos,7/5/2022,105,0,63,40,13
Pecos,7/6/2022,106,0,71,-13,13
Pecos,7/7/2022,105,0,60,1,13
Pecos,7/8/2022,103,0,75,6,13
Pecos,7/9/2022,98,0,71,-7,13
Pecos,7/10/2022,89,0,75,-28,13
Pecos,7/11/2022,89,0,55,11,13
Pecos,7/12/2022,93,0,56,-11,13
Pecos,7/13/2022,95,0,54,-26,13
Pecos,7/14/2022,95,0,73,-19,13
Pecos,7/15/2022,91,0,62,17,13
Pecos,7/16/2022,94,0,68,-24,13
Pecos,7/17/2022,101,0,63,-10,13
Pecos,7/18/2022,107,0,73,28,13
Pecos,7/19/2022,112,0,57,2,13
Pecos,7/20/2022,103,0,54,37,13
Pecos,7/21/2022,104,0,54,-29,13
Pecos,7/22/2022,98,0,54,-7,13
Pecos,7/23/2022,107,0,63,-8,13
Pecos,7/24/2022,102,0,65,27,13
Pecos,7/25/2022,108,0,76,17,13
Pecos,7/26/2022,99,0,58,18,13
Pecos,7/27/2022,99,0,62,-10,13
Pecos,7/28/2022,96,0,63,-14,13
Pecos,7/29/2022,99,0,61,6,13
Pecos,7/30/2022,104,0,59,-1,13
Pecos,7/31/2022,106,0,52,33,13
Pecos,8/1/2022,103,0,65,-8,13
Pecos,8/2/2022,101,0,68,4,13
Pecos,8/3/2022,100,0,78,38,13
Pecos,8/4/2022,105,0,64,-17,13
Pecos,8/5/2022,103,0,51,-1,13
Pecos,8/6/2022,98,0,45,31,13
Pecos,8/7/2022,99,0,50,-3,13
Pecos,8/8/2022,99,0,50,-24,13
Pecos,8/9/2022,102,0,60,32,13
Pecos,8/10/2022,102,0,75,-8,13
Pecos,8/11/2022,100,0,87,44,13
Pecos,8/12/2022,102,0,65,9,13
Pecos,8/13/2022,98,0,53,-16,13
Pecos,8/14/2022,108,0,53,-20,13
Pecos,8/15/2022,101,0,59,35,13
Pecos,8/16/2022,100,0,69,10,13
Pecos,8/17/2022,95,0,65,-1,13
Pecos,8/18/2022,101,0,61,23,13
Pecos,8/19/2022,111,0,55,-14,13
Pecos,8/20/2022,106,0,46,34,13
Pecos,8/21/2022,98,0,62,0,12
Pecos,8/22/2022,91,0,52,19,12
Pecos,8/23/2022,101,0,66,-17,12
Pecos,8/24/2022,102,0,71,-3,12
Pecos,8/25/2022,99,0,77,-1,12
Pecos,8/26/2022,98,0,57,-10,12
Pecos,8/27/2022,104,0,36,-18,12
Pecos,8/28/2022,112,0,31,20,12
Pecos,8/29/2022,108,0,45,40,12
Pecos,8/30/2022,100,0,51,-21,12
Pecos,8/31/2022,96,0,59,7,12
Pecos,9/1/2022,90,0,58,16,12
Pecos,9/2/2022,90,0,72,5,12
Pecos,9/3/2022,94,0,66,-1,12
Pecos,9/4/2022,105,0,63,-17,12
Pecos,9/5/2022,110,0,50,37,12
Pecos,9/6/2022,109,0,61,-18,12
Pecos,9/7/2022,102,0,52,26,12
Pecos,9/8/2022,97,0,55,-16,12
Pecos,9/9/2022,94,0,60,-25,12
Pecos,9/10/2022,94,0,66,45,12
Pecos,9/11/2022,101,0,67,-15,12
Pecos,9/12/2022,107,0,60,-20,12
Pecos,9/13/2022,107,0,64,-10,12
Pecos,9/14/2022,105,0,73,20,12
Pecos,9/15/2022,105,0,73,40,12
Pecos,9/16/2022,103,0,78,-3,12
Pecos,9/17/2022,103,0,77,9,12
Pecos,9/18/2022,98,0,69,15,12
Pecos,9/19/2022,97,0,67,-10,12
Pecos,9/20/2022,101,0,56,-2,12
Pecos,9/21/2022,99,1,62,10,12
Pecos,9/22/2022,104,0,67,42,12
Pecos,9/23/2022,99,1,73,11,12
Pecos,9/24/2022,100,1,64,23,12
Pecos,9/25/2022,99,1,49,18,12
Pecos,9/26/2022,104,0,46,16,12
Pecos,9/27/2022,110,3,60,7,11
Pecos,9/28/2022,116,1,76,-2,11
Pecos,9/29/2022,115,2,83,12,11
Pecos,9/30/2022,114,1,79,-22,11
Pecos,10/1/2022,106,0,78,40,11
Pecos,10/2/2022,98,3,75,39,11
Pecos,10/3/2022,89,0,83,38,11
Pecos,10/4/2022,88,1,79,3,11
Pecos,10/5/2022,86,2,65,45,11
Pecos,10/6/2022,86,0,49,22,11
Pecos,10/7/2022,86,0,51,-19,11
Pecos,10/8/2022,87,2,71,-27,11
Pecos,10/9/2022,85,2,83,45,11
Pecos,10/10/2022,84,2,70,-25,11
Pecos,10/11/2022,84,2,68,37,11
Pecos,10/12/2022,86,0,67,8,11
Pecos,10/13/2022,88,0,66,18,11
Pecos,10/14/2022,87,1,60,29,11
Pecos,10/15/2022,87,0,49,18,11
Pecos,10/16/2022,87,2,48,44,11
Pecos,10/17/2022,86,2,44,28,11
Pecos,10/18/2022,86,0,46,38,11
Pecos,10/19/2022,85,1,57,-16,11
Pecos,10/20/2022,85,3,64,39,11
Pecos,10/21/2022,84,3,72,28,11
Pecos,10/22/2022,81,1,76,42,11
Pecos,10/23/2022,81,3,83,0,11
Pecos,10/24/2022,80,3,87,36,11
Pecos,10/25/2022,81,1,88,-12,11
Pecos,10/26/2022,79,0,74,-11,11
Pecos,10/27/2022,77,0,59,23,11
Pecos,10/28/2022,75,3,62,-4,11
Pecos,10/29/2022,73,1,70,32,10
Pecos,10/30/2022,72,1,83,14,10
Pecos,10/31/2022,70,0,85,32,10
Pecos,11/1/2022,69,3,68,-15,10
Pecos,11/2/2022,70,3,66,29,10
Pecos,11/3/2022,70,1,54,-18,10
Pecos,11/4/2022,69,2,67,20,10
Pecos,11/5/2022,68,1,57,42,10
Pecos,11/6/2022,71,1,53,-3,10
Pecos,11/7/2022,72,1,44,34,10
Pecos,11/8/2022,72,2,41,10,10
Pecos,11/9/2022,69,3,55,41,10
Pecos,11/10/2022,68,1,53,-24,10
Pecos,11/11/2022,70,3,68,24,10
Pecos,11/12/2022,73,3,69,-12,10
Pecos,11/13/2022,76,2,85,6,10
Pecos,11/14/2022,77,3,68,31,10
Pecos,11/15/2022,76,3,49,-29,10
Pecos,11/16/2022,72,0,52,31,10
Pecos,11/17/2022,68,0,51,-13,10
Pecos,11/18/2022,65,2,48,9,10
Pecos,11/19/2022,68,3,35,-16,10
Pecos,11/20/2022,71,0,39,6,10
Pecos,11/21/2022,73,1,57,45,10
Pecos,11/22/2022,71,0,69,20,10
Pecos,11/23/2022,67,3,72,-9,10
Pecos,11/24/2022,63,1,53,-2,10
Pecos,11/25/2022,60,1,50,-10,10
Pecos,11/26/2022,58,2,50,12,10
Pecos,11/27/2022,57,0,67,-20,10
Pecos,11/28/2022,56,2,61,2,10
Pecos,11/29/2022,55,1,70,37,10
Pecos,11/30/2022,54,2,55,-7,10
Pecos,12/1/2022,56,1,66,9,10
Pecos,12/2/2022,59,0,53,22,10
Pecos,12/3/2022,62,0,70,10,10
Pecos,12/4/2022,62,3,55,19,10
Pecos,12/5/2022,61,0,60,40,10
Pecos,12/6/2022,60,2,63,-5,10
Pecos,12/7/2022,59,2,64,-12,10
Pecos,12/8/2022,58,3,71,38,10
Pecos,12/9/2022,57,0,57,37,10
Pecos,12/10/2022,56,0,67,22,10
Pecos,12/11/2022,55,0,53,-2,10
Pecos,12/12/2022,54,3,63,16,10
Pecos,12/13/2022,53,3,48,42,10
Pecos,12/14/2022,52,0,47,36,10
Pecos,12/15/2022,51,2,44,45,10
Pecos,12/16/2022,50,3,48,-13,10
Pecos,12/17/2022,49,2,48,-28,10
Pecos,12/18/2022,48,2,57,-14,10
Pecos,12/19/2022,47,1,54,2,10
Pecos,12/20/2022,46,3,72,-17,10
Pecos,12/21/2022,45,3,62,8,10
Pecos,12/22/2022,44,3,71,-22,10
Pecos,12/23/2022,43,3,68,45,10
Pecos,12/24/2022,42,1,71,12,10
Pecos,12/25/2022,41,1,61,-20,10
Pecos,12/26/2022,40,3,59,-24,10
Pecos,12/27/2022,39,1,65,-1,10
Pecos,12/28/2022,38,2,62,-15,10
Pecos,12/29/2022,37,0,66,3,10
Pecos,12/30/2022,36,2,53,-25,10
Pecos,12/31/2022,35,3,73,34,10
San Antonio,1/1/2022,39,1,69,43,10
San Antonio,1/2/2022,44,3,82,8,10
San Antonio,1/3/2022,50,0,60,33,10
San Antonio,1/4/2022,55,0,63,41,10
San Antonio,1/5/2022,59,3,60,-13,10
San Antonio,1/6/2022,65,3,71,39,10
San Antonio,1/7/2022,62,0,66,-1,10
San Antonio,1/8/2022,60,0,61,-26,10
San Antonio,1/9/2022,60,0,62,28,10
San Antonio,1/10/2022,65,1,53,-12,10
San Antonio,1/11/2022,69,2,51,43,10
San Antonio,1/12/2022,69,1,57,-25,10
San Antonio,1/13/2022,69,3,61,-23,10
San Antonio,1/14/2022,61,0,50,-4,10
San Antonio,1/15/2022,56,2,39,45,10
San Antonio,1/16/2022,50,2,47,8,10
San Antonio,1/17/2022,50,2,61,-21,10
San Antonio,1/18/2022,49,3,78,-12,10
San Antonio,1/19/2022,48,0,84,37,10
San Antonio,1/20/2022,50,0,78,17,10
San Antonio,1/21/2022,56,2,71,2,10
San Antonio,1/22/2022,60,3,62,37,10
San Antonio,1/23/2022,63,1,54,3,10
San Antonio,1/24/2022,61,1,52,34,10
San Antonio,1/25/2022,61,2,40,-23,10
San Antonio,1/26/2022,64,3,61,22,10
San Antonio,1/27/2022,67,3,50,24,10
San Antonio,1/28/2022,66,1,71,21,10
San Antonio,1/29/2022,64,0,58,37,10
San Antonio,1/30/2022,63,3,57,30,10
San Antonio,1/31/2022,65,0,54,35,10
San Antonio,2/1/2022,66,1,68,-22,10
San Antonio,2/2/2022,65,1,89,31,10
San Antonio,2/3/2022,67,0,94,24,10
San Antonio,2/4/2022,60,3,76,-11,10
San Antonio,2/5/2022,55,2,55,5,10
San Antonio,2/6/2022,54,3,46,18,10
San Antonio,2/7/2022,58,3,57,-9,10
San Antonio,2/8/2022,61,0,73,9,10
San Antonio,2/9/2022,59,1,68,23,10
San Antonio,2/10/2022,57,3,57,32,10
San Antonio,2/11/2022,57,3,57,-17,10
San Antonio,2/12/2022,53,1,71,-8,10
San Antonio,2/13/2022,56,0,69,6,10
San Antonio,2/14/2022,57,1,68,45,10
San Antonio,2/15/2022,61,2,50,32,10
San Antonio,2/16/2022,60,1,52,-8,10
San Antonio,2/17/2022,62,3,55,9,10
San Antonio,2/18/2022,62,0,72,22,10
San Antonio,2/19/2022,59,3,77,13,10
San Antonio,2/20/2022,53,2,77,-13,10
San Antonio,2/21/2022,51,0,74,9,10
San Antonio,2/22/2022,56,1,67,-15,10
San Antonio,2/23/2022,60,0,65,40,10
San Antonio,2/24/2022,60,2,59,14,10
San Antonio,2/25/2022,62,0,58,-13,10
San Antonio,2/26/2022,62,1,47,-19,10
San Antonio,2/27/2022,64,1,54,37,10
San Antonio,2/28/2022,60,0,72,35,10
San Antonio,3/1/2022,57,1,75,0,10
San Antonio,3/2/2022,53,3,56,22,10
San Antonio,3/3/2022,57,0,61,-13,10
San Antonio,3/4/2022,59,0,73,10,11
San Antonio,3/5/2022,56,0,84,-11,11
San Antonio,3/6/2022,51,0,61,22,11
San Antonio,3/7/2022,52,0,43,-19,11
San Antonio,3/8/2022,59,0,37,-26,11
San Antonio,3/9/2022,61,0,46,29,11
San Antonio,3/10/2022,60,0,56,16,11
San Antonio,3/11/2022,57,0,52,7,11
San Antonio,3/12/2022,61,0,52,9,11
San Antonio,3/13/2022,60,0,52,-14,11
San Antonio,3/14/2022,62,0,68,20,11
San Antonio,3/15/2022,55,0,61,-7,11
San Antonio,3/16/2022,60,0,50,38,11
San Antonio,3/17/2022,53,0,48,13,11
San Antonio,3/18/2022,61,0,56,-22,11
San Antonio,3/19/2022,60,0,59,44,11
San Antonio,3/20/2022,60,0,45,-7,11
San Antonio,3/21/2022,59,0,41,6,11
San Antonio,3/22/2022,54,0,49,-2,11
San Antonio,3/23/2022,58,0,65,-18,11
San Antonio,3/24/2022,54,0,63,18,11
San Antonio,3/25/2022,52,0,51,8,11
San Antonio,3/26/2022,51,0,39,5,11
San Antonio,3/27/2022,49,0,58,35,11
San Antonio,3/28/2022,49,0,64,40,11
San Antonio,3/29/2022,54,0,67,-9,11
San Antonio,3/30/2022,53,0,47,5,11
San Antonio,3/31/2022,61,0,46,27,11
San Antonio,4/1/2022,67,0,39,18,11
San Antonio,4/2/2022,79,0,57,-29,11
San Antonio,4/3/2022,80,0,55,-29,11
San Antonio,4/4/2022,74,0,71,44,11
San Antonio,4/5/2022,73,0,70,-26,11
San Antonio,4/6/2022,78,0,68,38,11
San Antonio,4/7/2022,86,0,66,-14,11
San Antonio,4/8/2022,89,0,52,-29,11
San Antonio,4/9/2022,85,0,52,-18,11
San Antonio,4/10/2022,75,0,45,-4,11
San Antonio,4/11/2022,64,0,59,21,11
San Antonio,4/12/2022,63,0,58,4,11
San Antonio,4/13/2022,68,0,61,-10,11
San Antonio,4/14/2022,74,0,59,-1,11
San Antonio,4/15/2022,75,0,58,-30,11
San Antonio,4/16/2022,78,0,70,-4,11
San Antonio,4/17/2022,80,0,53,-2,12
San Antonio,4/18/2022,82,0,52,25,12
San Antonio,4/19/2022,87,0,31,-16,12
San Antonio,4/20/2022,86,0,35,-19,12
San Antonio,4/21/2022,85,0,52,-23,12
San Antonio,4/22/2022,82,0,63,-28,12
San Antonio,4/23/2022,87,0,59,-3,12
San Antonio,4/24/2022,98,0,45,41,12
San Antonio,4/25/2022,108,0,37,13,12
San Antonio,4/26/2022,103,0,54,44,12
San Antonio,4/27/2022,93,0,60,-20,12
San Antonio,4/28/2022,95,2,64,-9,12
San Antonio,4/29/2022,102,0,49,0,12
San Antonio,4/30/2022,102,0,60,-27,12
San Antonio,5/1/2022,92,0,59,4,12
San Antonio,5/2/2022,92,2,74,-2,12
San Antonio,5/3/2022,92,0,55,-3,12
San Antonio,5/4/2022,97,0,63,-4,12
San Antonio,5/5/2022,93,0,60,18,12
San Antonio,5/6/2022,98,0,79,29,12
San Antonio,5/7/2022,101,0,79,36,12
San Antonio,5/8/2022,107,0,82,16,12
San Antonio,5/9/2022,104,0,69,27,12
San Antonio,5/10/2022,106,0,69,43,12
San Antonio,5/11/2022,103,1,66,-4,12
San Antonio,5/12/2022,101,0,62,1,12
San Antonio,5/13/2022,94,0,59,24,12
San Antonio,5/14/2022,97,0,60,-9,12
San Antonio,5/15/2022,102,0,73,39,12
San Antonio,5/16/2022,103,0,73,30,12
San Antonio,5/17/2022,94,0,67,10,12
San Antonio,5/18/2022,98,0,58,-8,12
San Antonio,5/19/2022,96,0,50,32,12
San Antonio,5/20/2022,97,0,64,42,12
San Antonio,5/21/2022,94,0,74,-16,12
San Antonio,5/22/2022,91,0,77,-14,12
San Antonio,5/23/2022,99,1,74,29,12
San Antonio,5/24/2022,96,0,69,43,12
San Antonio,5/25/2022,107,0,81,10,12
San Antonio,5/26/2022,96,0,65,-24,12
San Antonio,5/27/2022,102,0,54,34,12
San Antonio,5/28/2022,97,0,35,-19,12
San Antonio,5/29/2022,102,0,35,-3,12
San Antonio,5/30/2022,92,0,53,30,12
San Antonio,5/31/2022,96,0,72,-11,12
San Antonio,6/1/2022,101,0,73,-10,12
San Antonio,6/2/2022,102,0,58,27,13
San Antonio,6/3/2022,100,0,37,-7,13
San Antonio,6/4/2022,96,0,43,17,13
San Antonio,6/5/2022,103,0,57,14,13
San Antonio,6/6/2022,98,0,59,-28,13
San Antonio,6/7/2022,95,0,59,14,13
San Antonio,6/8/2022,94,0,55,-14,13
San Antonio,6/9/2022,99,0,57,39,13
San Antonio,6/10/2022,108,0,47,-28,13
San Antonio,6/11/2022,109,0,35,-12,13
San Antonio,6/12/2022,108,0,39,42,13
San Antonio,6/13/2022,106,0,60,20,13
San Antonio,6/14/2022,98,0,77,43,13
San Antonio,6/15/2022,98,0,69,7,13
San Antonio,6/16/2022,89,0,58,-20,13
San Antonio,6/17/2022,91,0,42,9,13
San Antonio,6/18/2022,93,0,44,0,13
San Antonio,6/19/2022,93,0,42,35,13
San Antonio,6/20/2022,98,2,45,30,13
San Antonio,6/21/2022,89,0,46,-22,13
San Antonio,6/22/2022,99,0,54,-30,13
San Antonio,6/23/2022,102,0,49,41,13
San Antonio,6/24/2022,103,0,66,14,13
San Antonio,6/25/2022,103,0,68,1,13
San Antonio,6/26/2022,95,0,79,-9,13
San Antonio,6/27/2022,101,0,76,-3,13
San Antonio,6/28/2022,92,0,61,29,13
San Antonio,6/29/2022,93,1,62,42,13
San Antonio,6/30/2022,96,0,56,5,13
San Antonio,7/1/2022,98,0,72,4,13
San Antonio,7/2/2022,104,0,56,24,13
San Antonio,7/3/2022,103,0,53,7,13
San Antonio,7/4/2022,110,0,37,28,13
San Antonio,7/5/2022,113,0,52,4,13
San Antonio,7/6/2022,114,0,54,41,13
San Antonio,7/7/2022,106,0,72,-12,13
San Antonio,7/8/2022,100,0,69,26,13
San Antonio,7/9/2022,99,0,61,14,13
San Antonio,7/10/2022,104,0,52,25,13
San Antonio,7/11/2022,107,0,45,2,13
San Antonio,7/12/2022,99,0,45,37,13
San Antonio,7/13/2022,99,0,35,-28,13
San Antonio,7/14/2022,94,0,31,14,13
San Antonio,7/15/2022,103,0,43,-21,13
San Antonio,7/16/2022,99,0,50,7,13
San Antonio,7/17/2022,106,1,58,19,13
San Antonio,7/18/2022,108,0,46,15,13
San Antonio,7/19/2022,107,0,41,-3,13
San Antonio,7/20/2022,104,0,41,20,13
San Antonio,7/21/2022,104,0,44,9,13
San Antonio,7/22/2022,104,0,56,-18,13
San Antonio,7/23/2022,100,0,58,-7,13
San Antonio,7/24/2022,94,0,73,26,13
San Antonio,7/25/2022,97,0,68,2,13
San Antonio,7/26/2022,93,0,73,41,13
San Antonio,7/27/2022,90,0,69,-15,13
San Antonio,7/28/2022,83,0,78,-16,13
San Antonio,7/29/2022,84,0,69,11,13
San Antonio,7/30/2022,84,0,74,25,13
San Antonio,7/31/2022,92,0,54,-17,13
San Antonio,8/1/2022,102,0,63,-24,13
San Antonio,8/2/2022,110,0,62,-6,13
San Antonio,8/3/2022,106,0,84,-14,13
San Antonio,8/4/2022,105,1,72,30,13
San Antonio,8/5/2022,97,0,63,30,13
San Antonio,8/6/2022,101,0,53,29,13
San Antonio,8/7/2022,96,0,66,-21,13
San Antonio,8/8/2022,104,0,72,-2,13
San Antonio,8/9/2022,98,0,75,-24,13
San Antonio,8/10/2022,94,0,67,-17,13
San Antonio,8/11/2022,92,0,70,3,13
San Antonio,8/12/2022,89,0,62,-15,13
San Antonio,8/13/2022,93,0,72,43,13
San Antonio,8/14/2022,90,0,64,29,13
San Antonio,8/15/2022,96,0,67,39,13
San Antonio,8/16/2022,90,0,69,0,13
San Antonio,8/17/2022,98,0,72,-24,13
San Antonio,8/18/2022,101,0,80,13,13
San Antonio,8/19/2022,109,0,77,35,13
San Antonio,8/20/2022,109,0,68,-16,13
San Antonio,8/21/2022,105,0,70,38,12
San Antonio,8/22/2022,102,0,60,22,12
San Antonio,8/23/2022,97,0,68,38,12
San Antonio,8/24/2022,105,0,66,36,12
San Antonio,8/25/2022,103,0,73,0,12
San Antonio,8/26/2022,99,0,69,6,12
San Antonio,8/27/2022,99,0,73,7,12
San Antonio,8/28/2022,99,1,79,25,12
San Antonio,8/29/2022,96,0,84,26,12
San Antonio,8/30/2022,91,0,72,-14,12
San Antonio,8/31/2022,97,0,65,-4,12
San Antonio,9/1/2022,104,0,48,-7,12
San Antonio,9/2/2022,104,0,49,31,12
San Antonio,9/3/2022,97,1,40,-23,12
San Antonio,9/4/2022,91,0,59,6,12
San Antonio,9/5/2022,90,0,65,-15,12
San Antonio,9/6/2022,90,0,64,-23,12
San Antonio,9/7/2022,97,0,48,12,12
San Antonio,9/8/2022,98,0,52,3,12
San Antonio,9/9/2022,100,0,49,-5,12
San Antonio,9/10/2022,98,0,56,-8,12
San Antonio,9/11/2022,97,0,54,-26,12
San Antonio,9/12/2022,98,2,66,16,12
San Antonio,9/13/2022,98,0,75,43,12
San Antonio,9/14/2022,96,0,72,45,12
San Antonio,9/15/2022,92,0,67,-12,12
San Antonio,9/16/2022,84,0,49,-23,12
San Antonio,9/17/2022,72,0,41,24,12
San Antonio,9/18/2022,65,0,36,-15,12
San Antonio,9/19/2022,64,0,53,24,12
San Antonio,9/20/2022,68,0,66,29,12
San Antonio,9/21/2022,72,0,64,45,12
San Antonio,9/22/2022,73,0,50,14,12
San Antonio,9/23/2022,72,0,32,29,12
San Antonio,9/24/2022,62,4,49,-26,12
San Antonio,9/25/2022,52,0,52,-18,12
San Antonio,9/26/2022,54,0,54,-10,12
San Antonio,9/27/2022,64,0,54,30,11
San Antonio,9/28/2022,67,0,51,10,11
San Antonio,9/29/2022,61,0,71,-28,11
San Antonio,9/30/2022,55,0,72,-29,11
San Antonio,10/1/2022,54,0,79,-27,11
San Antonio,10/2/2022,53,4,70,32,11
San Antonio,10/3/2022,58,0,64,-25,11
San Antonio,10/4/2022,64,0,69,-23,11
San Antonio,10/5/2022,66,0,65,20,11
San Antonio,10/6/2022,61,0,56,-20,11
San Antonio,10/7/2022,53,0,59,-29,11
San Antonio,10/8/2022,54,2,66,-8,11
San Antonio,10/9/2022,58,0,75,30,11
San Antonio,10/10/2022,64,0,77,5,11
San Antonio,10/11/2022,67,0,62,-16,11
San Antonio,10/12/2022,62,0,53,42,11
San Antonio,10/13/2022,61,0,45,41,11
San Antonio,10/14/2022,62,0,63,18,11
San Antonio,10/15/2022,60,2,59,7,11
San Antonio,10/16/2022,61,0,65,9,11
San Antonio,10/17/2022,53,0,46,9,11
San Antonio,10/18/2022,58,0,64,42,11
San Antonio,10/19/2022,53,0,61,8,11
San Antonio,10/20/2022,54,0,70,-8,11
San Antonio,10/21/2022,53,3,63,-19,11
San Antonio,10/22/2022,52,0,58,-9,11
San Antonio,10/23/2022,61,0,57,-8,11
San Antonio,10/24/2022,60,5,53,38,11
San Antonio,10/25/2022,70,0,60,-25,11
San Antonio,10/26/2022,69,3,51,35,11
San Antonio,10/27/2022,66,0,45,37,11
San Antonio,10/28/2022,65,0,33,9,11
San Antonio,10/29/2022,64,0,53,27,10
San Antonio,10/30/2022,66,0,61,27,10
San Antonio,10/31/2022,66,0,77,-1,10
San Antonio,11/1/2022,60,0,75,-21,10
San Antonio,11/2/2022,65,0,80,-18,10
San Antonio,11/3/2022,59,0,64,-5,10
San Antonio,11/4/2022,64,0,62,-5,10
San Antonio,11/5/2022,59,0,65,19,10
San Antonio,11/6/2022,64,0,66,15,10
San Antonio,11/7/2022,58,0,64,-16,10
San Antonio,11/8/2022,61,2,49,25,10
San Antonio,11/9/2022,64,0,59,-23,10
San Antonio,11/10/2022,73,0,56,-22,10
San Antonio,11/11/2022,68,0,53,24,10
San Antonio,11/12/2022,63,0,39,14,10
San Antonio,11/13/2022,60,0,49,27,10
San Antonio,11/14/2022,61,0,56,-12,10
San Antonio,11/15/2022,64,3,73,24,10
San Antonio,11/16/2022,62,0,71,-17,10
San Antonio,11/17/2022,67,0,79,-2,10
San Antonio,11/18/2022,64,0,64,43,10
San Antonio,11/19/2022,67,0,51,12,10
San Antonio,11/20/2022,68,0,42,0,10
San Antonio,11/21/2022,66,0,61,37,10
San Antonio,11/22/2022,63,0,68,11,10
San Antonio,11/23/2022,55,0,84,-24,10
San Antonio,11/24/2022,53,0,67,33,10
San Antonio,11/25/2022,51,0.1,61,-19,10
San Antonio,11/26/2022,55,3,61,18,10
San Antonio,11/27/2022,60,0,76,10,10
San Antonio,11/28/2022,67,0,75,14,10
San Antonio,11/29/2022,71,0,70,40,10
San Antonio,11/30/2022,70,0,61,2,10
San Antonio,12/1/2022,63,0,61,-17,10
San Antonio,12/2/2022,60,0,66,-10,10
San Antonio,12/3/2022,58,3,68,-21,10
San Antonio,12/4/2022,55,0,67,-22,10
San Antonio,12/5/2022,59,0,53,33,10
San Antonio,12/6/2022,66,0,57,37,10
San Antonio,12/7/2022,73,0,70,-11,10
San Antonio,12/8/2022,68,0,74,-21,10
San Antonio,12/9/2022,64,0,56,-27,10
San Antonio,12/10/2022,61,1,41,-16,10
San Antonio,12/11/2022,61,0,46,35,10
San Antonio,12/12/2022,56,0,68,13,10
San Antonio,12/13/2022,54,0,83,-11,10
San Antonio,12/14/2022,48,0,73,-22,10
San Antonio,12/15/2022,47,2,56,-3,10
San Antonio,12/16/2022,56,0,40,-27,10
San Antonio,12/17/2022,61,0,43,-19,10
San Antonio,12/18/2022,68,0,48,8,10
San Antonio,12/19/2022,58,2,65,-13,10
San Antonio,12/20/2022,53,0,75,-15,10
San Antonio,12/21/2022,50,0,85,-15,10
San Antonio,12/22/2022,53,0,66,-2,10
San Antonio,12/23/2022,60,1,61,-10,10
San Antonio,12/24/2022,64,0,54,-20,10
San Antonio,12/25/2022,66,0.1,62,24,10
San Antonio,12/26/2022,68,0,67,-11,10
San Antonio,12/27/2022,71,3,56,-29,10
San Antonio,12/28/2022,75,0,62,27,10
San Antonio,12/29/2022,73,0,54,-30,10
San Antonio,12/30/2022,66,0,61,18,10
San Antonio,12/31/2022,61,4,67,11,10
